"Story","Title","Result","Date","Stability","Duration (s)"
"Verify dashboard components","Verify the Email Address on the top right corner of the webpage","SUCCESS","2017-02-17T11:34:40.002+11:00","0.0","207.42"
"Verify dashboard components","Verify the print count for the HP Laserjet printer using Forecast for 30 days","SUCCESS","2017-02-17T11:50:04.459+11:00","0.0","146.79"
"Verify dashboard components","Verify the print count for the HP Laserjet printer using Forecast for 60 days","SUCCESS","2017-02-17T11:52:44.824+11:00","0.0","125.81"
"Verify dashboard components","Verify the printer name under Warning status","SUCCESS","2017-02-17T11:42:54.553+11:00","0.0","122.64"
"Verify dashboard components","Verify the printer name under error status","SUCCESS","2017-02-17T11:39:17.886+11:00","0.0","201.04"
"Verify dashboard components","Verify the total number of prints for the current month","SUCCESS","2017-02-17T11:47:28.024+11:00","0.0","140.08"
