{"name":"Verify the print count for the HP Laserjet printer using Forecast for 30 days","testSteps":[{"number":1,"description":"[1] {Email\u003dpapercut.assignment@gmail.com, Password\u003dPaperCut123#}","duration":145143,"startTime":1487292604470,"screenshots":[{"screenshot":"df68b034366979529cf3e492000353fa.png"}],"result":"SUCCESS","children":[{"number":2,"description":"Given the PaperCut portal is launched","duration":18585,"startTime":1487292611709,"screenshots":[{"screenshot":"7532ac583c064ae2aa13d1a165f3ecaa.png"},{"screenshot":"30d726b5d952850c79bb2c78e3f79164.png"}],"result":"SUCCESS","children":[{"number":3,"description":"Launch app","duration":16183,"startTime":1487292612554,"screenshots":[{"screenshot":"7532ac583c064ae2aa13d1a165f3ecaa.png"},{"screenshot":"880558127ef8276092f5c74d80ab62a3.png"}],"result":"SUCCESS"}]},{"number":4,"description":"When clicks on \"Get Started Now\"","duration":11545,"startTime":1487292630299,"screenshots":[{"screenshot":"0745ddbbb72f8d24cb3dc49d2019b8d6.png"},{"screenshot":"4fd101f0b372fd43f487c3a0dd1a4636.png"}],"result":"SUCCESS","children":[{"number":5,"description":"Click button: \u003cspan class\u003d\u0027step-parameter\u0027\u003eGet Started Now\u003c/span\u003e","duration":8755,"startTime":1487292631733,"screenshots":[{"screenshot":"29f9cba2baf49f2db31317cbcc9901e6.png"},{"screenshot":"f0d7dfeae380f7c5058c116333365481.png"}],"result":"SUCCESS"}]},{"number":6,"description":"And clicks on \"Continue with Google\"","duration":19802,"startTime":1487292641854,"screenshots":[{"screenshot":"1e65ee08f859d25ec2e8c3ea7f3b43b2.png"},{"screenshot":"278c86abc2faf481dd62ade8501bae08.png"}],"result":"SUCCESS","children":[{"number":7,"description":"Click button: \u003cspan class\u003d\u0027step-parameter\u0027\u003eContinue with Google\u003c/span\u003e","duration":16574,"startTime":1487292643492,"screenshots":[{"screenshot":"e641233e7e765645d32eca60152186fc.png"},{"screenshot":"278c86abc2faf481dd62ade8501bae08.png"}],"result":"SUCCESS"}]},{"number":8,"description":"And I signin with my Google papercut.assignment@gmail.com and PaperCut123#","duration":48449,"startTime":1487292661661,"screenshots":[{"screenshot":"278c86abc2faf481dd62ade8501bae08.png"},{"screenshot":"06d9ea30fb9366c44f41e5b0412fa430.png"}],"result":"SUCCESS","children":[{"number":9,"description":"Login app: \u003cspan class\u003d\u0027step-parameter\u0027\u003epapercut.assignment@gmail.com, PaperCut123#\u003c/span\u003e","duration":45311,"startTime":1487292662668,"screenshots":[{"screenshot":"278c86abc2faf481dd62ade8501bae08.png"},{"screenshot":"eff1f8f79204d11e375db83ab86f0bd0.png"}],"result":"SUCCESS"}]},{"number":10,"description":"And I skip the guided tour of the application","duration":12011,"startTime":1487292710116,"screenshots":[{"screenshot":"01608a30aa927ea585e05eca3e4a2563.png"},{"screenshot":"4510862662369a9315b0603e040928ef.png"}],"result":"SUCCESS","children":[{"number":11,"description":"Skip tour","duration":8017,"startTime":1487292712246,"screenshots":[{"screenshot":"1de8b241578aec786205b2bb429cf0e0.png"},{"screenshot":"d46875700f54993b7247c6187eef5361.png"}],"result":"SUCCESS"}]},{"number":12,"description":"Then verify the forecast for each ink block for \"HP Color LaserJet Pro MFP M277 PCL6\" for 30 days","duration":25284,"startTime":1487292722137,"screenshots":[{"screenshot":"3dbcb08b885a622f1fb8af9b338ea839.png"},{"screenshot":"481bedec1b3e86731067beeb7892a7c8.png"}],"result":"SUCCESS","children":[{"number":13,"description":"Verify total prints for each ink block: \u003cspan class\u003d\u0027step-parameter\u0027\u003eHP Color LaserJet Pro MFP M277 PCL6, 30\u003c/span\u003e","duration":20685,"startTime":1487292724148,"screenshots":[{"screenshot":"7c49a3cbabb5486256a53a0544d80bba.png"},{"screenshot":"172f6db0d2dc1cf75a70050a672cf374.png"}],"result":"SUCCESS"}]}]}],"userStory":{"id":"verify-dashboard-components","storyName":"Verify dashboard components","path":"Assignment.feature","narrative":"In order to verify the components of the Dashboard webpage\r\nAs a user or staff member\r\nI should be able to view the available components to be verified","type":"feature"},"title":"Verify the print count for the HP Laserjet printer using Forecast for 30 days","description":"","tags":[{"name":"Reg","type":"tag"},{"name":"Verify dashboard components","type":"feature"}],"startTime":1487292604459,"duration":146789,"sessionId":"cd284894918b7d34c675121c28f1f808","driver":"chrome","dataTable":{"headers":["Email","Password"],"rows":[{"values":["papercut.assignment@gmail.com","PaperCut123#"],"result":"SUCCESS"}],"predefinedRows":true,"currentRow":{"value":0},"dataSetDescriptors":[{"startRow":0,"rowCount":0,"name":"","description":""}]},"manual":false,"result":"SUCCESS"}