<acceptance-test-run title="Verify the print count for the HP Laserjet printer using Forecast for 30 days" name="Verify the print count for the HP Laserjet printer using Forecast for 30 days" description="" steps="6" successful="6" failures="0" skipped="0" ignored="0" pending="0" result="SUCCESS" duration="146789" timestamp="2017-02-17T11:50:04.459+11:00" session-id="cd284894918b7d34c675121c28f1f808">
  <user-story id="verify-dashboard-components" name="Verify dashboard components" path="Assignment.feature"/>
  <tags>
    <tag name="Verify dashboard components" type="feature"/>
    <tag name="Reg" type="tag"/>
  </tags>
  <examples>
    <datasets>
      <dataset startRow="0" rowCount="0" name="" description=""/>
    </datasets>
    <headers>
      <header>Email</header>
      <header>Password</header>
    </headers>
    <rows>
      <row result="SUCCESS">
        <value>papercut.assignment@gmail.com</value>
        <value>PaperCut123#</value>
      </row>
    </rows>
  </examples>
  <test-group name="[1] {Email=papercut.assignment@gmail.com, Password=PaperCut123#}" result="SUCCESS">
    <screenshots>
      <screenshot image="df68b034366979529cf3e492000353fa.png"/>
    </screenshots>
    <test-group name="Given the PaperCut portal is launched" result="SUCCESS">
      <screenshots>
        <screenshot image="7532ac583c064ae2aa13d1a165f3ecaa.png"/>
        <screenshot image="30d726b5d952850c79bb2c78e3f79164.png"/>
      </screenshots>
      <test-step result="SUCCESS" duration="16183">
        <screenshots>
          <screenshot image="7532ac583c064ae2aa13d1a165f3ecaa.png"/>
          <screenshot image="880558127ef8276092f5c74d80ab62a3.png"/>
        </screenshots>
        <description>Launch app</description>
      </test-step>
    </test-group>
    <test-group name="When clicks on &quot;Get Started Now&quot;" result="SUCCESS">
      <screenshots>
        <screenshot image="0745ddbbb72f8d24cb3dc49d2019b8d6.png"/>
        <screenshot image="4fd101f0b372fd43f487c3a0dd1a4636.png"/>
      </screenshots>
      <test-step result="SUCCESS" duration="8755">
        <screenshots>
          <screenshot image="29f9cba2baf49f2db31317cbcc9901e6.png"/>
          <screenshot image="f0d7dfeae380f7c5058c116333365481.png"/>
        </screenshots>
        <description>Click button: &lt;span class=&apos;step-parameter&apos;&gt;Get Started Now&lt;/span&gt;</description>
      </test-step>
    </test-group>
    <test-group name="And clicks on &quot;Continue with Google&quot;" result="SUCCESS">
      <screenshots>
        <screenshot image="1e65ee08f859d25ec2e8c3ea7f3b43b2.png"/>
        <screenshot image="278c86abc2faf481dd62ade8501bae08.png"/>
      </screenshots>
      <test-step result="SUCCESS" duration="16574">
        <screenshots>
          <screenshot image="e641233e7e765645d32eca60152186fc.png"/>
          <screenshot image="278c86abc2faf481dd62ade8501bae08.png"/>
        </screenshots>
        <description>Click button: &lt;span class=&apos;step-parameter&apos;&gt;Continue with Google&lt;/span&gt;</description>
      </test-step>
    </test-group>
    <test-group name="And I signin with my Google papercut.assignment@gmail.com and PaperCut123#" result="SUCCESS">
      <screenshots>
        <screenshot image="278c86abc2faf481dd62ade8501bae08.png"/>
        <screenshot image="06d9ea30fb9366c44f41e5b0412fa430.png"/>
      </screenshots>
      <test-step result="SUCCESS" duration="45311">
        <screenshots>
          <screenshot image="278c86abc2faf481dd62ade8501bae08.png"/>
          <screenshot image="eff1f8f79204d11e375db83ab86f0bd0.png"/>
        </screenshots>
        <description>Login app: &lt;span class=&apos;step-parameter&apos;&gt;papercut.assignment@gmail.com, PaperCut123#&lt;/span&gt;</description>
      </test-step>
    </test-group>
    <test-group name="And I skip the guided tour of the application" result="SUCCESS">
      <screenshots>
        <screenshot image="01608a30aa927ea585e05eca3e4a2563.png"/>
        <screenshot image="4510862662369a9315b0603e040928ef.png"/>
      </screenshots>
      <test-step result="SUCCESS" duration="8017">
        <screenshots>
          <screenshot image="1de8b241578aec786205b2bb429cf0e0.png"/>
          <screenshot image="d46875700f54993b7247c6187eef5361.png"/>
        </screenshots>
        <description>Skip tour</description>
      </test-step>
    </test-group>
    <test-group name="Then verify the forecast for each ink block for &quot;HP Color LaserJet Pro MFP M277 PCL6&quot; for 30 days" result="SUCCESS">
      <screenshots>
        <screenshot image="3dbcb08b885a622f1fb8af9b338ea839.png"/>
        <screenshot image="481bedec1b3e86731067beeb7892a7c8.png"/>
      </screenshots>
      <test-step result="SUCCESS" duration="20685">
        <screenshots>
          <screenshot image="7c49a3cbabb5486256a53a0544d80bba.png"/>
          <screenshot image="172f6db0d2dc1cf75a70050a672cf374.png"/>
        </screenshots>
        <description>Verify total prints for each ink block: &lt;span class=&apos;step-parameter&apos;&gt;HP Color LaserJet Pro MFP M277 PCL6, 30&lt;/span&gt;</description>
      </test-step>
    </test-group>
  </test-group>
</acceptance-test-run>