{"name":"Verify the total number of prints for the current month","testSteps":[{"number":1,"description":"[1] {Email\u003dpapercut.assignment@gmail.com, Password\u003dPaperCut123#}","duration":138744,"startTime":1487292448027,"screenshots":[{"screenshot":"bf894faf6d09eb1d1aa0f563f2f32bf1.png"}],"result":"SUCCESS","children":[{"number":2,"description":"Given the PaperCut portal is launched","duration":18416,"startTime":1487292454447,"screenshots":[{"screenshot":"7532ac583c064ae2aa13d1a165f3ecaa.png"},{"screenshot":"f5020caa5e5a2418c7b925b34656c537.png"}],"result":"SUCCESS","children":[{"number":3,"description":"Launch app","duration":14686,"startTime":1487292455450,"screenshots":[{"screenshot":"7532ac583c064ae2aa13d1a165f3ecaa.png"},{"screenshot":"b76d738341076daa90c861b75d62ce19.png"}],"result":"SUCCESS"}]},{"number":4,"description":"When clicks on \"Get Started Now\"","duration":10825,"startTime":1487292472867,"screenshots":[{"screenshot":"fc83a730dd429714c750613035b598e4.png"},{"screenshot":"22c7e1c4bc397bc5b9ebd244d16a1a62.png"}],"result":"SUCCESS","children":[{"number":5,"description":"Click button: \u003cspan class\u003d\u0027step-parameter\u0027\u003eGet Started Now\u003c/span\u003e","duration":7921,"startTime":1487292473811,"screenshots":[{"screenshot":"d9c5fe90ac08e645185708edba53e064.png"},{"screenshot":"27027a289b16644ae6f08d05c43ab2ea.png"}],"result":"SUCCESS"}]},{"number":6,"description":"And clicks on \"Continue with Google\"","duration":17646,"startTime":1487292483699,"screenshots":[{"screenshot":"832939634d42ecfb45df603ef71fdffa.png"},{"screenshot":"278c86abc2faf481dd62ade8501bae08.png"}],"result":"SUCCESS","children":[{"number":7,"description":"Click button: \u003cspan class\u003d\u0027step-parameter\u0027\u003eContinue with Google\u003c/span\u003e","duration":14691,"startTime":1487292485620,"screenshots":[{"screenshot":"dadaf74a95e3a13e29f026c6984b4015.png"},{"screenshot":"278c86abc2faf481dd62ade8501bae08.png"}],"result":"SUCCESS"}]},{"number":8,"description":"And I signin with my Google papercut.assignment@gmail.com and PaperCut123#","duration":56782,"startTime":1487292501350,"screenshots":[{"screenshot":"278c86abc2faf481dd62ade8501bae08.png"},{"screenshot":"64cb0bd6e16f855afe5f30bfc8075428.png"}],"result":"SUCCESS","children":[{"number":9,"description":"Login app: \u003cspan class\u003d\u0027step-parameter\u0027\u003epapercut.assignment@gmail.com, PaperCut123#\u003c/span\u003e","duration":53811,"startTime":1487292502115,"screenshots":[{"screenshot":"5deaba0a078bb0e623b68ec21c9b8e50.png"},{"screenshot":"6c2877a4dbc313b9c092e66cfda6f85a.png"}],"result":"SUCCESS"}]},{"number":10,"description":"And I skip the guided tour of the application","duration":13669,"startTime":1487292558140,"screenshots":[{"screenshot":"dc44c7f2d72d290f7b4b15906910ae52.png"},{"screenshot":"8a27557ba4ff3f3a12b155d9a72a187a.png"}],"result":"SUCCESS","children":[{"number":11,"description":"Skip tour","duration":8972,"startTime":1487292560404,"screenshots":[{"screenshot":"24f0a1595922be6185339dfcfccd2e58.png"},{"screenshot":"61c5de956c187e87f50fbee441d26afa.png"}],"result":"SUCCESS"}]},{"number":12,"description":"Then verify the total number of pages printed this month","duration":12558,"startTime":1487292571813,"screenshots":[{"screenshot":"d3aa6c517b3f1dffe129f4154dc5e21e.png"},{"screenshot":"4dcbba508d91174d214e590abd66c1ee.png"}],"result":"SUCCESS","children":[{"number":13,"description":"Verify page count","duration":7911,"startTime":1487292574190,"screenshots":[{"screenshot":"429e3871d1d4a2e59ddd2f245ebb370a.png"},{"screenshot":"e77ff4c4952159925b248d7ee26ddb06.png"}],"result":"SUCCESS"}]}]}],"userStory":{"id":"verify-dashboard-components","storyName":"Verify dashboard components","path":"Assignment.feature","narrative":"In order to verify the components of the Dashboard webpage\r\nAs a user or staff member\r\nI should be able to view the available components to be verified","type":"feature"},"title":"Verify the total number of prints for the current month","description":"","tags":[{"name":"Reg","type":"tag"},{"name":"Verify dashboard components","type":"feature"}],"startTime":1487292448024,"duration":140078,"sessionId":"d961f623afcb955db0f0d293fac1c62a","driver":"chrome","dataTable":{"headers":["Email","Password"],"rows":[{"values":["papercut.assignment@gmail.com","PaperCut123#"],"result":"SUCCESS"}],"predefinedRows":true,"currentRow":{"value":0},"dataSetDescriptors":[{"startRow":0,"rowCount":0,"name":"","description":""}]},"manual":false,"result":"SUCCESS"}