<acceptance-test-run title="Verify the total number of prints for the current month" name="Verify the total number of prints for the current month" description="" steps="6" successful="6" failures="0" skipped="0" ignored="0" pending="0" result="SUCCESS" duration="140078" timestamp="2017-02-17T11:47:28.024+11:00" session-id="d961f623afcb955db0f0d293fac1c62a">
  <user-story id="verify-dashboard-components" name="Verify dashboard components" path="Assignment.feature"/>
  <tags>
    <tag name="Verify dashboard components" type="feature"/>
    <tag name="Reg" type="tag"/>
  </tags>
  <examples>
    <datasets>
      <dataset startRow="0" rowCount="0" name="" description=""/>
    </datasets>
    <headers>
      <header>Email</header>
      <header>Password</header>
    </headers>
    <rows>
      <row result="SUCCESS">
        <value>papercut.assignment@gmail.com</value>
        <value>PaperCut123#</value>
      </row>
    </rows>
  </examples>
  <test-group name="[1] {Email=papercut.assignment@gmail.com, Password=PaperCut123#}" result="SUCCESS">
    <screenshots>
      <screenshot image="bf894faf6d09eb1d1aa0f563f2f32bf1.png"/>
    </screenshots>
    <test-group name="Given the PaperCut portal is launched" result="SUCCESS">
      <screenshots>
        <screenshot image="7532ac583c064ae2aa13d1a165f3ecaa.png"/>
        <screenshot image="f5020caa5e5a2418c7b925b34656c537.png"/>
      </screenshots>
      <test-step result="SUCCESS" duration="14686">
        <screenshots>
          <screenshot image="7532ac583c064ae2aa13d1a165f3ecaa.png"/>
          <screenshot image="b76d738341076daa90c861b75d62ce19.png"/>
        </screenshots>
        <description>Launch app</description>
      </test-step>
    </test-group>
    <test-group name="When clicks on &quot;Get Started Now&quot;" result="SUCCESS">
      <screenshots>
        <screenshot image="fc83a730dd429714c750613035b598e4.png"/>
        <screenshot image="22c7e1c4bc397bc5b9ebd244d16a1a62.png"/>
      </screenshots>
      <test-step result="SUCCESS" duration="7921">
        <screenshots>
          <screenshot image="d9c5fe90ac08e645185708edba53e064.png"/>
          <screenshot image="27027a289b16644ae6f08d05c43ab2ea.png"/>
        </screenshots>
        <description>Click button: &lt;span class=&apos;step-parameter&apos;&gt;Get Started Now&lt;/span&gt;</description>
      </test-step>
    </test-group>
    <test-group name="And clicks on &quot;Continue with Google&quot;" result="SUCCESS">
      <screenshots>
        <screenshot image="832939634d42ecfb45df603ef71fdffa.png"/>
        <screenshot image="278c86abc2faf481dd62ade8501bae08.png"/>
      </screenshots>
      <test-step result="SUCCESS" duration="14691">
        <screenshots>
          <screenshot image="dadaf74a95e3a13e29f026c6984b4015.png"/>
          <screenshot image="278c86abc2faf481dd62ade8501bae08.png"/>
        </screenshots>
        <description>Click button: &lt;span class=&apos;step-parameter&apos;&gt;Continue with Google&lt;/span&gt;</description>
      </test-step>
    </test-group>
    <test-group name="And I signin with my Google papercut.assignment@gmail.com and PaperCut123#" result="SUCCESS">
      <screenshots>
        <screenshot image="278c86abc2faf481dd62ade8501bae08.png"/>
        <screenshot image="64cb0bd6e16f855afe5f30bfc8075428.png"/>
      </screenshots>
      <test-step result="SUCCESS" duration="53811">
        <screenshots>
          <screenshot image="5deaba0a078bb0e623b68ec21c9b8e50.png"/>
          <screenshot image="6c2877a4dbc313b9c092e66cfda6f85a.png"/>
        </screenshots>
        <description>Login app: &lt;span class=&apos;step-parameter&apos;&gt;papercut.assignment@gmail.com, PaperCut123#&lt;/span&gt;</description>
      </test-step>
    </test-group>
    <test-group name="And I skip the guided tour of the application" result="SUCCESS">
      <screenshots>
        <screenshot image="dc44c7f2d72d290f7b4b15906910ae52.png"/>
        <screenshot image="8a27557ba4ff3f3a12b155d9a72a187a.png"/>
      </screenshots>
      <test-step result="SUCCESS" duration="8972">
        <screenshots>
          <screenshot image="24f0a1595922be6185339dfcfccd2e58.png"/>
          <screenshot image="61c5de956c187e87f50fbee441d26afa.png"/>
        </screenshots>
        <description>Skip tour</description>
      </test-step>
    </test-group>
    <test-group name="Then verify the total number of pages printed this month" result="SUCCESS">
      <screenshots>
        <screenshot image="d3aa6c517b3f1dffe129f4154dc5e21e.png"/>
        <screenshot image="4dcbba508d91174d214e590abd66c1ee.png"/>
      </screenshots>
      <test-step result="SUCCESS" duration="7911">
        <screenshots>
          <screenshot image="429e3871d1d4a2e59ddd2f245ebb370a.png"/>
          <screenshot image="e77ff4c4952159925b248d7ee26ddb06.png"/>
        </screenshots>
        <description>Verify page count</description>
      </test-step>
    </test-group>
  </test-group>
</acceptance-test-run>