{"name":"Verify the printer name under error status","testSteps":[{"number":1,"description":"[1] {Email\u003dpapercut.assignment@gmail.com, Password\u003dPaperCut123#}","duration":199615,"startTime":1487291957889,"screenshots":[{"screenshot":"92c0c803581ad0a7471024ca78ace4db.png"}],"result":"SUCCESS","children":[{"number":2,"description":"Given the PaperCut portal is launched","duration":22442,"startTime":1487291968084,"screenshots":[{"screenshot":"7532ac583c064ae2aa13d1a165f3ecaa.png"},{"screenshot":"f51ddee8ff4d3d58530a63ec55c237d6.png"}],"result":"SUCCESS","children":[{"number":3,"description":"Launch app","duration":17894,"startTime":1487291969889,"screenshots":[{"screenshot":"7532ac583c064ae2aa13d1a165f3ecaa.png"},{"screenshot":"60563c30ba97b2623cfa79d7f1bbaf36.png"}],"result":"SUCCESS"}]},{"number":4,"description":"When clicks on \"Get Started Now\"","duration":21800,"startTime":1487291990536,"screenshots":[{"screenshot":"bac44508e462c8ce5d4a54dab44b971e.png"},{"screenshot":"27a353f59f4c934eef3929bc39d91386.png"}],"result":"SUCCESS","children":[{"number":5,"description":"Click button: \u003cspan class\u003d\u0027step-parameter\u0027\u003eGet Started Now\u003c/span\u003e","duration":15292,"startTime":1487291993129,"screenshots":[{"screenshot":"4aaf989e4438ffc539fc2c5fcaac22ce.png"},{"screenshot":"90e11ff47435303ee4520e0d78e8f25f.png"}],"result":"SUCCESS"}]},{"number":6,"description":"And clicks on \"Continue with Google\"","duration":26552,"startTime":1487292012343,"screenshots":[{"screenshot":"b13aec47c60ba46d2924f1fed54ec07e.png"},{"screenshot":"5deaba0a078bb0e623b68ec21c9b8e50.png"}],"result":"SUCCESS","children":[{"number":7,"description":"Click button: \u003cspan class\u003d\u0027step-parameter\u0027\u003eContinue with Google\u003c/span\u003e","duration":21048,"startTime":1487292015926,"screenshots":[{"screenshot":"0d81625acfb216a154704b18b0586b3c.png"},{"screenshot":"5deaba0a078bb0e623b68ec21c9b8e50.png"}],"result":"SUCCESS"}]},{"number":8,"description":"And I signin with my Google papercut.assignment@gmail.com and PaperCut123#","duration":72846,"startTime":1487292038903,"screenshots":[{"screenshot":"5deaba0a078bb0e623b68ec21c9b8e50.png"},{"screenshot":"f75a00af9ea7206685ddef2f5bcd23e1.png"}],"result":"SUCCESS","children":[{"number":9,"description":"Login app: \u003cspan class\u003d\u0027step-parameter\u0027\u003epapercut.assignment@gmail.com, PaperCut123#\u003c/span\u003e","duration":68347,"startTime":1487292040086,"screenshots":[{"screenshot":"5deaba0a078bb0e623b68ec21c9b8e50.png"},{"screenshot":"fcd6bd3cb8f9e851741b2e8e5536b5c1.png"}],"result":"SUCCESS"}]},{"number":10,"description":"And I skip the guided tour of the application","duration":26166,"startTime":1487292111752,"screenshots":[{"screenshot":"c03d011ec1a76f90f45fda4535fd841a.png"},{"screenshot":"5dec6c189aa28d0fb63afc3066596840.png"}],"result":"SUCCESS","children":[{"number":11,"description":"Skip tour","duration":18799,"startTime":1487292115297,"screenshots":[{"screenshot":"16a7691b0601480ac1864daf6b913f61.png"},{"screenshot":"f7e6cd8b1a98a85c188652f4b5a9c76c.png"}],"result":"SUCCESS"}]},{"number":12,"description":"Then verify \"Label Printer (desktop)\" printer is \"In Error\" status","duration":15257,"startTime":1487292137948,"screenshots":[{"screenshot":"0849ef8b32c79f39a537cfb6abb5437e.png"},{"screenshot":"de44312304048f561d66d3013a85ecb9.png"}],"result":"SUCCESS","children":[{"number":13,"description":"Verify printer state: \u003cspan class\u003d\u0027step-parameter\u0027\u003eLabel Printer (desktop), In Error\u003c/span\u003e","duration":9265,"startTime":1487292141241,"screenshots":[{"screenshot":"b730f3e499d1c2d7e88902be449af723.png"},{"screenshot":"f653f6654197944ca8a4b8b12aac32a9.png"}],"result":"SUCCESS"}]}]}],"userStory":{"id":"verify-dashboard-components","storyName":"Verify dashboard components","path":"Assignment.feature","narrative":"In order to verify the components of the Dashboard webpage\r\nAs a user or staff member\r\nI should be able to view the available components to be verified","type":"feature"},"title":"Verify the printer name under error status","description":"","tags":[{"name":"Reg","type":"tag"},{"name":"Verify dashboard components","type":"feature"}],"startTime":1487291957886,"duration":201036,"sessionId":"08043f77e7c35bb239ccfd2b22cd1ac1","driver":"chrome","dataTable":{"headers":["Email","Password"],"rows":[{"values":["papercut.assignment@gmail.com","PaperCut123#"],"result":"SUCCESS"}],"predefinedRows":true,"currentRow":{"value":0},"dataSetDescriptors":[{"startRow":0,"rowCount":0,"name":"","description":""}]},"manual":false,"result":"SUCCESS"}