<acceptance-test-run title="Verify the printer name under error status" name="Verify the printer name under error status" description="" steps="6" successful="6" failures="0" skipped="0" ignored="0" pending="0" result="SUCCESS" duration="201036" timestamp="2017-02-17T11:39:17.886+11:00" session-id="08043f77e7c35bb239ccfd2b22cd1ac1">
  <user-story id="verify-dashboard-components" name="Verify dashboard components" path="Assignment.feature"/>
  <tags>
    <tag name="Verify dashboard components" type="feature"/>
    <tag name="Reg" type="tag"/>
  </tags>
  <examples>
    <datasets>
      <dataset startRow="0" rowCount="0" name="" description=""/>
    </datasets>
    <headers>
      <header>Email</header>
      <header>Password</header>
    </headers>
    <rows>
      <row result="SUCCESS">
        <value>papercut.assignment@gmail.com</value>
        <value>PaperCut123#</value>
      </row>
    </rows>
  </examples>
  <test-group name="[1] {Email=papercut.assignment@gmail.com, Password=PaperCut123#}" result="SUCCESS">
    <screenshots>
      <screenshot image="92c0c803581ad0a7471024ca78ace4db.png"/>
    </screenshots>
    <test-group name="Given the PaperCut portal is launched" result="SUCCESS">
      <screenshots>
        <screenshot image="7532ac583c064ae2aa13d1a165f3ecaa.png"/>
        <screenshot image="f51ddee8ff4d3d58530a63ec55c237d6.png"/>
      </screenshots>
      <test-step result="SUCCESS" duration="17894">
        <screenshots>
          <screenshot image="7532ac583c064ae2aa13d1a165f3ecaa.png"/>
          <screenshot image="60563c30ba97b2623cfa79d7f1bbaf36.png"/>
        </screenshots>
        <description>Launch app</description>
      </test-step>
    </test-group>
    <test-group name="When clicks on &quot;Get Started Now&quot;" result="SUCCESS">
      <screenshots>
        <screenshot image="bac44508e462c8ce5d4a54dab44b971e.png"/>
        <screenshot image="27a353f59f4c934eef3929bc39d91386.png"/>
      </screenshots>
      <test-step result="SUCCESS" duration="15292">
        <screenshots>
          <screenshot image="4aaf989e4438ffc539fc2c5fcaac22ce.png"/>
          <screenshot image="90e11ff47435303ee4520e0d78e8f25f.png"/>
        </screenshots>
        <description>Click button: &lt;span class=&apos;step-parameter&apos;&gt;Get Started Now&lt;/span&gt;</description>
      </test-step>
    </test-group>
    <test-group name="And clicks on &quot;Continue with Google&quot;" result="SUCCESS">
      <screenshots>
        <screenshot image="b13aec47c60ba46d2924f1fed54ec07e.png"/>
        <screenshot image="5deaba0a078bb0e623b68ec21c9b8e50.png"/>
      </screenshots>
      <test-step result="SUCCESS" duration="21048">
        <screenshots>
          <screenshot image="0d81625acfb216a154704b18b0586b3c.png"/>
          <screenshot image="5deaba0a078bb0e623b68ec21c9b8e50.png"/>
        </screenshots>
        <description>Click button: &lt;span class=&apos;step-parameter&apos;&gt;Continue with Google&lt;/span&gt;</description>
      </test-step>
    </test-group>
    <test-group name="And I signin with my Google papercut.assignment@gmail.com and PaperCut123#" result="SUCCESS">
      <screenshots>
        <screenshot image="5deaba0a078bb0e623b68ec21c9b8e50.png"/>
        <screenshot image="f75a00af9ea7206685ddef2f5bcd23e1.png"/>
      </screenshots>
      <test-step result="SUCCESS" duration="68347">
        <screenshots>
          <screenshot image="5deaba0a078bb0e623b68ec21c9b8e50.png"/>
          <screenshot image="fcd6bd3cb8f9e851741b2e8e5536b5c1.png"/>
        </screenshots>
        <description>Login app: &lt;span class=&apos;step-parameter&apos;&gt;papercut.assignment@gmail.com, PaperCut123#&lt;/span&gt;</description>
      </test-step>
    </test-group>
    <test-group name="And I skip the guided tour of the application" result="SUCCESS">
      <screenshots>
        <screenshot image="c03d011ec1a76f90f45fda4535fd841a.png"/>
        <screenshot image="5dec6c189aa28d0fb63afc3066596840.png"/>
      </screenshots>
      <test-step result="SUCCESS" duration="18799">
        <screenshots>
          <screenshot image="16a7691b0601480ac1864daf6b913f61.png"/>
          <screenshot image="f7e6cd8b1a98a85c188652f4b5a9c76c.png"/>
        </screenshots>
        <description>Skip tour</description>
      </test-step>
    </test-group>
    <test-group name="Then verify &quot;Label Printer (desktop)&quot; printer is &quot;In Error&quot; status" result="SUCCESS">
      <screenshots>
        <screenshot image="0849ef8b32c79f39a537cfb6abb5437e.png"/>
        <screenshot image="de44312304048f561d66d3013a85ecb9.png"/>
      </screenshots>
      <test-step result="SUCCESS" duration="9265">
        <screenshots>
          <screenshot image="b730f3e499d1c2d7e88902be449af723.png"/>
          <screenshot image="f653f6654197944ca8a4b8b12aac32a9.png"/>
        </screenshots>
        <description>Verify printer state: &lt;span class=&apos;step-parameter&apos;&gt;Label Printer (desktop), In Error&lt;/span&gt;</description>
      </test-step>
    </test-group>
  </test-group>
</acceptance-test-run>