<acceptance-test-run title="Verify the print count for the HP Laserjet printer using Forecast for 60 days" name="Verify the print count for the HP Laserjet printer using Forecast for 60 days" description="" steps="6" successful="6" failures="0" skipped="0" ignored="0" pending="0" result="SUCCESS" duration="125809" timestamp="2017-02-17T11:52:44.824+11:00" session-id="f310690d2af08a944f99fa048ffa42c8">
  <user-story id="verify-dashboard-components" name="Verify dashboard components" path="Assignment.feature"/>
  <tags>
    <tag name="Verify dashboard components" type="feature"/>
    <tag name="Reg" type="tag"/>
  </tags>
  <examples>
    <datasets>
      <dataset startRow="0" rowCount="0" name="" description=""/>
    </datasets>
    <headers>
      <header>Email</header>
      <header>Password</header>
    </headers>
    <rows>
      <row result="SUCCESS">
        <value>papercut.assignment@gmail.com</value>
        <value>PaperCut123#</value>
      </row>
    </rows>
  </examples>
  <test-group name="[1] {Email=papercut.assignment@gmail.com, Password=PaperCut123#}" result="SUCCESS">
    <screenshots>
      <screenshot image="b648c90775ccf2ecdc29f386a47a0f1d.png"/>
    </screenshots>
    <test-group name="Given the PaperCut portal is launched" result="SUCCESS">
      <screenshots>
        <screenshot image="7532ac583c064ae2aa13d1a165f3ecaa.png"/>
        <screenshot image="92c19798c25b81608caeb7b326c577d7.png"/>
      </screenshots>
      <test-step result="SUCCESS" duration="10417">
        <screenshots>
          <screenshot image="7532ac583c064ae2aa13d1a165f3ecaa.png"/>
          <screenshot image="d5d4268822dff03552c9e9d12c554937.png"/>
        </screenshots>
        <description>Launch app</description>
      </test-step>
    </test-group>
    <test-group name="When clicks on &quot;Get Started Now&quot;" result="SUCCESS">
      <screenshots>
        <screenshot image="0f71c2d24d28f22e3ddbb2148607bc48.png"/>
        <screenshot image="f720e658d6b58f333959990b46b301f0.png"/>
      </screenshots>
      <test-step result="SUCCESS" duration="5165">
        <screenshots>
          <screenshot image="01c616c43d9fd7755081bb2963822974.png"/>
          <screenshot image="57cc958f651ba2b2e90aac2cf6261908.png"/>
        </screenshots>
        <description>Click button: &lt;span class=&apos;step-parameter&apos;&gt;Get Started Now&lt;/span&gt;</description>
      </test-step>
    </test-group>
    <test-group name="And clicks on &quot;Continue with Google&quot;" result="SUCCESS">
      <screenshots>
        <screenshot image="4f15181584365d5f58805b70e0121d27.png"/>
        <screenshot image="83ca8e685a6a2dd289c9a05018e509ef.png"/>
      </screenshots>
      <test-step result="SUCCESS" duration="8540">
        <screenshots>
          <screenshot image="9fe387e59857355ed91740469d4f7b60.png"/>
          <screenshot image="4a167be102fddc416d96c2ad35f80e72.png"/>
        </screenshots>
        <description>Click button: &lt;span class=&apos;step-parameter&apos;&gt;Continue with Google&lt;/span&gt;</description>
      </test-step>
    </test-group>
    <test-group name="And I signin with my Google papercut.assignment@gmail.com and PaperCut123#" result="SUCCESS">
      <screenshots>
        <screenshot image="4a167be102fddc416d96c2ad35f80e72.png"/>
        <screenshot image="e38e74aaef7bb7a27040f6e16ff88628.png"/>
      </screenshots>
      <test-step result="SUCCESS" duration="45142">
        <screenshots>
          <screenshot image="83ca8e685a6a2dd289c9a05018e509ef.png"/>
          <screenshot image="fa8a3c2ba386921bf8c00e1d7ed6bb22.png"/>
        </screenshots>
        <description>Login app: &lt;span class=&apos;step-parameter&apos;&gt;papercut.assignment@gmail.com, PaperCut123#&lt;/span&gt;</description>
      </test-step>
    </test-group>
    <test-group name="And I skip the guided tour of the application" result="SUCCESS">
      <screenshots>
        <screenshot image="2c76460c4773118a53c0c93aaa958743.png"/>
        <screenshot image="1a22b27d586b1d219a27dd369f584a12.png"/>
      </screenshots>
      <test-step result="SUCCESS" duration="7613">
        <screenshots>
          <screenshot image="383b859cd91536b8142a7c199161ea4a.png"/>
          <screenshot image="9abbdeda73043befd140377d8f91b3d9.png"/>
        </screenshots>
        <description>Skip tour</description>
      </test-step>
    </test-group>
    <test-group name="Then verify the forecast for each ink block for &quot;HP Color LaserJet Pro MFP M277 PCL6&quot; for 60 days" result="SUCCESS">
      <screenshots>
        <screenshot image="5f828f89db7e1528544e7d7037b6b53a.png"/>
        <screenshot image="860195df54cd3adfcde84444867c210c.png"/>
      </screenshots>
      <test-step result="SUCCESS" duration="22502">
        <screenshots>
          <screenshot image="f989429cd11234e368eae4e19b8f9fa3.png"/>
          <screenshot image="6505a2db2ea4c69194076ee2d5641995.png"/>
        </screenshots>
        <description>Verify total prints for each ink block: &lt;span class=&apos;step-parameter&apos;&gt;HP Color LaserJet Pro MFP M277 PCL6, 60&lt;/span&gt;</description>
      </test-step>
    </test-group>
  </test-group>
</acceptance-test-run>