{"name":"Verify the print count for the HP Laserjet printer using Forecast for 60 days","testSteps":[{"number":1,"description":"[1] {Email\u003dpapercut.assignment@gmail.com, Password\u003dPaperCut123#}","duration":124345,"startTime":1487292764827,"screenshots":[{"screenshot":"b648c90775ccf2ecdc29f386a47a0f1d.png"}],"result":"SUCCESS","children":[{"number":2,"description":"Given the PaperCut portal is launched","duration":13627,"startTime":1487292770413,"screenshots":[{"screenshot":"7532ac583c064ae2aa13d1a165f3ecaa.png"},{"screenshot":"92c19798c25b81608caeb7b326c577d7.png"}],"result":"SUCCESS","children":[{"number":3,"description":"Launch app","duration":10417,"startTime":1487292771188,"screenshots":[{"screenshot":"7532ac583c064ae2aa13d1a165f3ecaa.png"},{"screenshot":"d5d4268822dff03552c9e9d12c554937.png"}],"result":"SUCCESS"}]},{"number":4,"description":"When clicks on \"Get Started Now\"","duration":7607,"startTime":1487292784042,"screenshots":[{"screenshot":"0f71c2d24d28f22e3ddbb2148607bc48.png"},{"screenshot":"f720e658d6b58f333959990b46b301f0.png"}],"result":"SUCCESS","children":[{"number":5,"description":"Click button: \u003cspan class\u003d\u0027step-parameter\u0027\u003eGet Started Now\u003c/span\u003e","duration":5165,"startTime":1487292785225,"screenshots":[{"screenshot":"01c616c43d9fd7755081bb2963822974.png"},{"screenshot":"57cc958f651ba2b2e90aac2cf6261908.png"}],"result":"SUCCESS"}]},{"number":6,"description":"And clicks on \"Continue with Google\"","duration":10932,"startTime":1487292791653,"screenshots":[{"screenshot":"4f15181584365d5f58805b70e0121d27.png"},{"screenshot":"83ca8e685a6a2dd289c9a05018e509ef.png"}],"result":"SUCCESS","children":[{"number":7,"description":"Click button: \u003cspan class\u003d\u0027step-parameter\u0027\u003eContinue with Google\u003c/span\u003e","duration":8540,"startTime":1487292793427,"screenshots":[{"screenshot":"9fe387e59857355ed91740469d4f7b60.png"},{"screenshot":"4a167be102fddc416d96c2ad35f80e72.png"}],"result":"SUCCESS"}]},{"number":8,"description":"And I signin with my Google papercut.assignment@gmail.com and PaperCut123#","duration":47322,"startTime":1487292802589,"screenshots":[{"screenshot":"4a167be102fddc416d96c2ad35f80e72.png"},{"screenshot":"e38e74aaef7bb7a27040f6e16ff88628.png"}],"result":"SUCCESS","children":[{"number":9,"description":"Login app: \u003cspan class\u003d\u0027step-parameter\u0027\u003epapercut.assignment@gmail.com, PaperCut123#\u003c/span\u003e","duration":45142,"startTime":1487292803168,"screenshots":[{"screenshot":"83ca8e685a6a2dd289c9a05018e509ef.png"},{"screenshot":"fa8a3c2ba386921bf8c00e1d7ed6bb22.png"}],"result":"SUCCESS"}]},{"number":10,"description":"And I skip the guided tour of the application","duration":11383,"startTime":1487292849916,"screenshots":[{"screenshot":"2c76460c4773118a53c0c93aaa958743.png"},{"screenshot":"1a22b27d586b1d219a27dd369f584a12.png"}],"result":"SUCCESS","children":[{"number":11,"description":"Skip tour","duration":7613,"startTime":1487292851816,"screenshots":[{"screenshot":"383b859cd91536b8142a7c199161ea4a.png"},{"screenshot":"9abbdeda73043befd140377d8f91b3d9.png"}],"result":"SUCCESS"}]},{"number":12,"description":"Then verify the forecast for each ink block for \"HP Color LaserJet Pro MFP M277 PCL6\" for 60 days","duration":25693,"startTime":1487292861303,"screenshots":[{"screenshot":"5f828f89db7e1528544e7d7037b6b53a.png"},{"screenshot":"860195df54cd3adfcde84444867c210c.png"}],"result":"SUCCESS","children":[{"number":13,"description":"Verify total prints for each ink block: \u003cspan class\u003d\u0027step-parameter\u0027\u003eHP Color LaserJet Pro MFP M277 PCL6, 60\u003c/span\u003e","duration":22502,"startTime":1487292862629,"screenshots":[{"screenshot":"f989429cd11234e368eae4e19b8f9fa3.png"},{"screenshot":"6505a2db2ea4c69194076ee2d5641995.png"}],"result":"SUCCESS"}]}]}],"userStory":{"id":"verify-dashboard-components","storyName":"Verify dashboard components","path":"Assignment.feature","narrative":"In order to verify the components of the Dashboard webpage\r\nAs a user or staff member\r\nI should be able to view the available components to be verified","type":"feature"},"title":"Verify the print count for the HP Laserjet printer using Forecast for 60 days","description":"","tags":[{"name":"Reg","type":"tag"},{"name":"Verify dashboard components","type":"feature"}],"startTime":1487292764824,"duration":125809,"sessionId":"f310690d2af08a944f99fa048ffa42c8","driver":"chrome","dataTable":{"headers":["Email","Password"],"rows":[{"values":["papercut.assignment@gmail.com","PaperCut123#"],"result":"SUCCESS"}],"predefinedRows":true,"currentRow":{"value":0},"dataSetDescriptors":[{"startRow":0,"rowCount":0,"name":"","description":""}]},"manual":false,"result":"SUCCESS"}