{"name":"Verify the printer name under Warning status","testSteps":[{"number":1,"description":"[1] {Email\u003dpapercut.assignment@gmail.com, Password\u003dPaperCut123#}","duration":121284,"startTime":1487292174557,"screenshots":[{"screenshot":"207081c4bf3be50951bfefc9346c04e6.png"}],"result":"SUCCESS","children":[{"number":2,"description":"Given the PaperCut portal is launched","duration":16248,"startTime":1487292181253,"screenshots":[{"screenshot":"7532ac583c064ae2aa13d1a165f3ecaa.png"},{"screenshot":"c17ed4f06f91b2e74353f6c5e83818a6.png"}],"result":"SUCCESS","children":[{"number":3,"description":"Launch app","duration":14133,"startTime":1487292182119,"screenshots":[{"screenshot":"7532ac583c064ae2aa13d1a165f3ecaa.png"},{"screenshot":"a5b481ba1a5b04647fe33a3449bc1f98.png"}],"result":"SUCCESS"}]},{"number":4,"description":"When clicks on \"Get Started Now\"","duration":9066,"startTime":1487292197508,"screenshots":[{"screenshot":"5efbd14262120818b2aa47187526c1d5.png"},{"screenshot":"dc0c255d2ca47170c9879cb5ffd78fb3.png"}],"result":"SUCCESS","children":[{"number":5,"description":"Click button: \u003cspan class\u003d\u0027step-parameter\u0027\u003eGet Started Now\u003c/span\u003e","duration":6017,"startTime":1487292199000,"screenshots":[{"screenshot":"015b6b2a39bde25ba4dc618ded5c5d91.png"},{"screenshot":"f898ac893dfcea18478c64106c4c77b1.png"}],"result":"SUCCESS"}]},{"number":6,"description":"And clicks on \"Continue with Google\"","duration":13119,"startTime":1487292206598,"screenshots":[{"screenshot":"70c3631c827c7e3315b0654bbf273091.png"},{"screenshot":"278c86abc2faf481dd62ade8501bae08.png"}],"result":"SUCCESS","children":[{"number":7,"description":"Click button: \u003cspan class\u003d\u0027step-parameter\u0027\u003eContinue with Google\u003c/span\u003e","duration":11310,"startTime":1487292207708,"screenshots":[{"screenshot":"263a44c2fed9cbaa7f7ba8642e86a45a.png"},{"screenshot":"5deaba0a078bb0e623b68ec21c9b8e50.png"}],"result":"SUCCESS"}]},{"number":8,"description":"And I signin with my Google papercut.assignment@gmail.com and PaperCut123#","duration":47742,"startTime":1487292219722,"screenshots":[{"screenshot":"278c86abc2faf481dd62ade8501bae08.png"},{"screenshot":"1218607b5851963835052d0f13385e0e.png"}],"result":"SUCCESS","children":[{"number":9,"description":"Login app: \u003cspan class\u003d\u0027step-parameter\u0027\u003epapercut.assignment@gmail.com, PaperCut123#\u003c/span\u003e","duration":44296,"startTime":1487292220439,"screenshots":[{"screenshot":"5deaba0a078bb0e623b68ec21c9b8e50.png"},{"screenshot":"1f0f5d081f7e3ccd422d21183ce47513.png"}],"result":"SUCCESS"}]},{"number":10,"description":"And I skip the guided tour of the application","duration":15294,"startTime":1487292267468,"screenshots":[{"screenshot":"05cf74374cec6d40fa53af62a85498d1.png"},{"screenshot":"10c90fc69ac4017f438a1aeb43c24b31.png"}],"result":"SUCCESS","children":[{"number":11,"description":"Skip tour","duration":10417,"startTime":1487292269764,"screenshots":[{"screenshot":"822b20b32581d4f85c8c2a96ece70fd7.png"},{"screenshot":"dde0e5439d1ae351986e043efc757090.png"}],"result":"SUCCESS"}]},{"number":12,"description":"Then verify \"A3 Printer (server)\" printer is \"Warning\" status","duration":10373,"startTime":1487292282772,"screenshots":[{"screenshot":"e401636659840c6ac75240708f1368a8.png"},{"screenshot":"59beb55b9458199823c1d251b34ed936.png"}],"result":"SUCCESS","children":[{"number":13,"description":"Verify printer state: \u003cspan class\u003d\u0027step-parameter\u0027\u003eA3 Printer (server), Warning\u003c/span\u003e","duration":6027,"startTime":1487292285332,"screenshots":[{"screenshot":"bf3aef50f8b2f3b34f3f62d96d58d28c.png"},{"screenshot":"9127fb0153b3adbad244610fb1f61869.png"}],"result":"SUCCESS"}]}]}],"userStory":{"id":"verify-dashboard-components","storyName":"Verify dashboard components","path":"Assignment.feature","narrative":"In order to verify the components of the Dashboard webpage\r\nAs a user or staff member\r\nI should be able to view the available components to be verified","type":"feature"},"title":"Verify the printer name under Warning status","description":"","tags":[{"name":"Reg","type":"tag"},{"name":"Verify dashboard components","type":"feature"}],"startTime":1487292174553,"duration":122642,"sessionId":"b834298102451dc29f2d3b2db27bdbc3","driver":"chrome","dataTable":{"headers":["Email","Password"],"rows":[{"values":["papercut.assignment@gmail.com","PaperCut123#"],"result":"SUCCESS"}],"predefinedRows":true,"currentRow":{"value":0},"dataSetDescriptors":[{"startRow":0,"rowCount":0,"name":"","description":""}]},"manual":false,"result":"SUCCESS"}