<acceptance-test-run title="Verify the printer name under Warning status" name="Verify the printer name under Warning status" description="" steps="6" successful="6" failures="0" skipped="0" ignored="0" pending="0" result="SUCCESS" duration="122642" timestamp="2017-02-17T11:42:54.553+11:00" session-id="b834298102451dc29f2d3b2db27bdbc3">
  <user-story id="verify-dashboard-components" name="Verify dashboard components" path="Assignment.feature"/>
  <tags>
    <tag name="Verify dashboard components" type="feature"/>
    <tag name="Reg" type="tag"/>
  </tags>
  <examples>
    <datasets>
      <dataset startRow="0" rowCount="0" name="" description=""/>
    </datasets>
    <headers>
      <header>Email</header>
      <header>Password</header>
    </headers>
    <rows>
      <row result="SUCCESS">
        <value>papercut.assignment@gmail.com</value>
        <value>PaperCut123#</value>
      </row>
    </rows>
  </examples>
  <test-group name="[1] {Email=papercut.assignment@gmail.com, Password=PaperCut123#}" result="SUCCESS">
    <screenshots>
      <screenshot image="207081c4bf3be50951bfefc9346c04e6.png"/>
    </screenshots>
    <test-group name="Given the PaperCut portal is launched" result="SUCCESS">
      <screenshots>
        <screenshot image="7532ac583c064ae2aa13d1a165f3ecaa.png"/>
        <screenshot image="c17ed4f06f91b2e74353f6c5e83818a6.png"/>
      </screenshots>
      <test-step result="SUCCESS" duration="14133">
        <screenshots>
          <screenshot image="7532ac583c064ae2aa13d1a165f3ecaa.png"/>
          <screenshot image="a5b481ba1a5b04647fe33a3449bc1f98.png"/>
        </screenshots>
        <description>Launch app</description>
      </test-step>
    </test-group>
    <test-group name="When clicks on &quot;Get Started Now&quot;" result="SUCCESS">
      <screenshots>
        <screenshot image="5efbd14262120818b2aa47187526c1d5.png"/>
        <screenshot image="dc0c255d2ca47170c9879cb5ffd78fb3.png"/>
      </screenshots>
      <test-step result="SUCCESS" duration="6017">
        <screenshots>
          <screenshot image="015b6b2a39bde25ba4dc618ded5c5d91.png"/>
          <screenshot image="f898ac893dfcea18478c64106c4c77b1.png"/>
        </screenshots>
        <description>Click button: &lt;span class=&apos;step-parameter&apos;&gt;Get Started Now&lt;/span&gt;</description>
      </test-step>
    </test-group>
    <test-group name="And clicks on &quot;Continue with Google&quot;" result="SUCCESS">
      <screenshots>
        <screenshot image="70c3631c827c7e3315b0654bbf273091.png"/>
        <screenshot image="278c86abc2faf481dd62ade8501bae08.png"/>
      </screenshots>
      <test-step result="SUCCESS" duration="11310">
        <screenshots>
          <screenshot image="263a44c2fed9cbaa7f7ba8642e86a45a.png"/>
          <screenshot image="5deaba0a078bb0e623b68ec21c9b8e50.png"/>
        </screenshots>
        <description>Click button: &lt;span class=&apos;step-parameter&apos;&gt;Continue with Google&lt;/span&gt;</description>
      </test-step>
    </test-group>
    <test-group name="And I signin with my Google papercut.assignment@gmail.com and PaperCut123#" result="SUCCESS">
      <screenshots>
        <screenshot image="278c86abc2faf481dd62ade8501bae08.png"/>
        <screenshot image="1218607b5851963835052d0f13385e0e.png"/>
      </screenshots>
      <test-step result="SUCCESS" duration="44296">
        <screenshots>
          <screenshot image="5deaba0a078bb0e623b68ec21c9b8e50.png"/>
          <screenshot image="1f0f5d081f7e3ccd422d21183ce47513.png"/>
        </screenshots>
        <description>Login app: &lt;span class=&apos;step-parameter&apos;&gt;papercut.assignment@gmail.com, PaperCut123#&lt;/span&gt;</description>
      </test-step>
    </test-group>
    <test-group name="And I skip the guided tour of the application" result="SUCCESS">
      <screenshots>
        <screenshot image="05cf74374cec6d40fa53af62a85498d1.png"/>
        <screenshot image="10c90fc69ac4017f438a1aeb43c24b31.png"/>
      </screenshots>
      <test-step result="SUCCESS" duration="10417">
        <screenshots>
          <screenshot image="822b20b32581d4f85c8c2a96ece70fd7.png"/>
          <screenshot image="dde0e5439d1ae351986e043efc757090.png"/>
        </screenshots>
        <description>Skip tour</description>
      </test-step>
    </test-group>
    <test-group name="Then verify &quot;A3 Printer (server)&quot; printer is &quot;Warning&quot; status" result="SUCCESS">
      <screenshots>
        <screenshot image="e401636659840c6ac75240708f1368a8.png"/>
        <screenshot image="59beb55b9458199823c1d251b34ed936.png"/>
      </screenshots>
      <test-step result="SUCCESS" duration="6027">
        <screenshots>
          <screenshot image="bf3aef50f8b2f3b34f3f62d96d58d28c.png"/>
          <screenshot image="9127fb0153b3adbad244610fb1f61869.png"/>
        </screenshots>
        <description>Verify printer state: &lt;span class=&apos;step-parameter&apos;&gt;A3 Printer (server), Warning&lt;/span&gt;</description>
      </test-step>
    </test-group>
  </test-group>
</acceptance-test-run>