{"name":"Verify the printer name under recently used status","testSteps":[{"number":1,"description":"[1] {Email\u003dpapercut.assignment@gmail.com, Password\u003dPaperCut123#}","duration":121269,"startTime":1487292314631,"result":"SUCCESS","children":[{"number":2,"description":"Given the PaperCut portal is launched","duration":15552,"startTime":1487292321289,"screenshots":[{"screenshot":"7532ac583c064ae2aa13d1a165f3ecaa.png"},{"screenshot":"921e99accb12f918a88c57c5f26c49be.png"}],"result":"SUCCESS","children":[{"number":3,"description":"Launch app","duration":12518,"startTime":1487292322249,"screenshots":[{"screenshot":"7532ac583c064ae2aa13d1a165f3ecaa.png"},{"screenshot":"d21c3f67e6db7591f0bb29e49d8ed7ef.png"}],"result":"SUCCESS"}]},{"number":4,"description":"When clicks on \"Get Started Now\"","duration":11389,"startTime":1487292336850,"screenshots":[{"screenshot":"6eac8f902170f73d97de8e54077520be.png"},{"screenshot":"9e04cc55d69330211efb17118aa33710.png"}],"result":"SUCCESS","children":[{"number":5,"description":"Click button: \u003cspan class\u003d\u0027step-parameter\u0027\u003eGet Started Now\u003c/span\u003e","duration":8006,"startTime":1487292338874,"screenshots":[{"screenshot":"65c53130a37dd98cbf0b62be4dcd4798.png"},{"screenshot":"695db558e279f304a7f62a6de87cabc3.png"}],"result":"SUCCESS"}]},{"number":6,"description":"And clicks on \"Continue with Google\"","duration":16714,"startTime":1487292348243,"screenshots":[{"screenshot":"b3490b33a633e9ce80b4b67a01b7429c.png"},{"screenshot":"4a167be102fddc416d96c2ad35f80e72.png"}],"result":"SUCCESS","children":[{"number":7,"description":"Click button: \u003cspan class\u003d\u0027step-parameter\u0027\u003eContinue with Google\u003c/span\u003e","duration":13960,"startTime":1487292349698,"screenshots":[{"screenshot":"9ccc892604a76d1ef5244172c2351687.png"},{"screenshot":"83ca8e685a6a2dd289c9a05018e509ef.png"}],"result":"SUCCESS"}]},{"number":8,"description":"And I signin with my Google papercut.assignment@gmail.com and PaperCut123#","duration":50319,"startTime":1487292364962,"screenshots":[{"screenshot":"83ca8e685a6a2dd289c9a05018e509ef.png"},{"screenshot":"46f6d5995bcb5f09e092a49ef395aeb2.png"}],"result":"SUCCESS","children":[{"number":9,"description":"Login app: \u003cspan class\u003d\u0027step-parameter\u0027\u003epapercut.assignment@gmail.com, PaperCut123#\u003c/span\u003e","duration":46323,"startTime":1487292366181,"screenshots":[{"screenshot":"4a167be102fddc416d96c2ad35f80e72.png"},{"screenshot":"ea6e0e73cba29a653cccc2f86cee61cd.png"}],"result":"SUCCESS"}]},{"number":10,"description":"And I skip the guided tour of the application","duration":12514,"startTime":1487292415284,"screenshots":[{"screenshot":"1b00e8156e50834e16ea2a9f09397505.png"},{"screenshot":"1ff8e1c67c1570046474206a6fbc219f.png"}],"result":"SUCCESS","children":[{"number":11,"description":"Skip tour","duration":8663,"startTime":1487292417779,"screenshots":[{"screenshot":"fa2e6a903a63a05d8a7b20d86d4874f4.png"},{"screenshot":"a5a80e8652eb6094f1c27363fb5dddd3.png"}],"result":"SUCCESS"}]},{"number":12,"description":"Then verify \"Reception Printer (server)\" printer is \"Recently Used\" status","duration":8091,"startTime":1487292427804,"screenshots":[{"screenshot":"c86514c1c850bc5205a3e73e136d1b8b.png"}],"exception":{"errorType":"org.openqa.selenium.NoSuchElementException","message":"no such element: Unable to locate element: {\"method\":\"xpath\",\"selector\":\"h4/a[text()\u003d\u0027Recently Used\u0027]/../../ul/li/a/span/div/h5[text()\u003d\u0027Reception Printer (server)\u0027]\"}\n  (Session info: chrome\u003d56.0.2924.87)\n  (Driver info: chromedriver\u003d2.24.417431 (9aea000394714d2fbb20850021f6204f2256b9cf),platform\u003dWindows NT 10.0.14393 x86_64) (WARNING: The server did not provide any stacktrace information)\nCommand duration or timeout: 914 milliseconds\nFor documentation on this error, please visit: http://seleniumhq.org/exceptions/no_such_element.html\nBuild info: version: \u00272.53.0\u0027, revision: \u002735ae25b1534ae328c771e0856c93e187490ca824\u0027, time: \u00272016-03-15 10:43:46\u0027\nSystem info: host: \u0027Junkyard\u0027, ip: \u0027192.168.136.1\u0027, os.name: \u0027Windows 10\u0027, os.arch: \u0027x86\u0027, os.version: \u002710.0\u0027, java.version: \u00271.8.0_77\u0027\nDriver info: org.openqa.selenium.chrome.ChromeDriver\nCapabilities [{applicationCacheEnabled\u003dfalse, rotatable\u003dfalse, mobileEmulationEnabled\u003dfalse, networkConnectionEnabled\u003dfalse, chrome\u003d{chromedriverVersion\u003d2.24.417431 (9aea000394714d2fbb20850021f6204f2256b9cf), userDataDir\u003dC:\\Users\\novice\\AppData\\Local\\Temp\\scoped_dir9804_24829}, takesHeapSnapshot\u003dtrue, pageLoadStrategy\u003dnormal, databaseEnabled\u003dfalse, handlesAlerts\u003dtrue, hasTouchScreen\u003dfalse, version\u003d56.0.2924.87, platform\u003dXP, browserConnectionEnabled\u003dfalse, nativeEvents\u003dtrue, acceptSslCerts\u003dtrue, locationContextEnabled\u003dtrue, webStorageEnabled\u003dtrue, browserName\u003dchrome, takesScreenshot\u003dtrue, javascriptEnabled\u003dtrue, cssSelectorsEnabled\u003dtrue}]\nSession ID: ad8d14bbfd112d13a9e09316245b111d\n*** Element info: {Using\u003dxpath, value\u003dh4/a[text()\u003d\u0027Recently Used\u0027]/../../ul/li/a/span/div/h5[text()\u003d\u0027Reception Printer (server)\u0027]}\nFor documentation on this error, please visit: http://seleniumhq.org/exceptions/no_such_element.html\nBuild info: version: \u00272.53.0\u0027, revision: \u002735ae25b1534ae328c771e0856c93e187490ca824\u0027, time: \u00272016-03-15 10:43:46\u0027\nSystem info: host: \u0027Junkyard\u0027, ip: \u0027192.168.136.1\u0027, os.name: \u0027Windows 10\u0027, os.arch: \u0027x86\u0027, os.version: \u002710.0\u0027, java.version: \u00271.8.0_77\u0027\nDriver info: driver.version: unknown","stackTrace":[{"declaringClass":"au.com.au.papercut.pageObjects.HomePage","methodName":"verifyPrinterStatus","fileName":"HomePage.java","lineNumber":86},{"declaringClass":"au.com.au.papercut.serenity.PaperCut_Steps","methodName":"verifyPrinterState","fileName":"PaperCut_Steps.java","lineNumber":52},{"declaringClass":"au.com.au.papercut.stepDefinitions.PaperCut_StepDef","methodName":"verifyPrinterIsStatus","fileName":"PaperCut_StepDef.java","lineNumber":58}]},"result":"ERROR","children":[{"number":13,"description":"Verify printer state: \u003cspan class\u003d\u0027step-parameter\u0027\u003eReception Printer (server), Recently Used\u003c/span\u003e","duration":6353,"startTime":1487292429339,"screenshots":[{"screenshot":"c04f56966bad55b36358e958f80fa093.png"},{"screenshot":"2a807baafa55afd2fbe8a644cd27ca50.png","htmlSource":"pagesource4457985829219366780.html.txt"}],"exception":{"errorType":"org.openqa.selenium.NoSuchElementException","message":"no such element: Unable to locate element: {\"method\":\"xpath\",\"selector\":\"h4/a[text()\u003d\u0027Recently Used\u0027]/../../ul/li/a/span/div/h5[text()\u003d\u0027Reception Printer (server)\u0027]\"}\n  (Session info: chrome\u003d56.0.2924.87)\n  (Driver info: chromedriver\u003d2.24.417431 (9aea000394714d2fbb20850021f6204f2256b9cf),platform\u003dWindows NT 10.0.14393 x86_64) (WARNING: The server did not provide any stacktrace information)\nCommand duration or timeout: 914 milliseconds\nFor documentation on this error, please visit: http://seleniumhq.org/exceptions/no_such_element.html\nBuild info: version: \u00272.53.0\u0027, revision: \u002735ae25b1534ae328c771e0856c93e187490ca824\u0027, time: \u00272016-03-15 10:43:46\u0027\nSystem info: host: \u0027Junkyard\u0027, ip: \u0027192.168.136.1\u0027, os.name: \u0027Windows 10\u0027, os.arch: \u0027x86\u0027, os.version: \u002710.0\u0027, java.version: \u00271.8.0_77\u0027\nDriver info: org.openqa.selenium.chrome.ChromeDriver\nCapabilities [{applicationCacheEnabled\u003dfalse, rotatable\u003dfalse, mobileEmulationEnabled\u003dfalse, networkConnectionEnabled\u003dfalse, chrome\u003d{chromedriverVersion\u003d2.24.417431 (9aea000394714d2fbb20850021f6204f2256b9cf), userDataDir\u003dC:\\Users\\novice\\AppData\\Local\\Temp\\scoped_dir9804_24829}, takesHeapSnapshot\u003dtrue, pageLoadStrategy\u003dnormal, databaseEnabled\u003dfalse, handlesAlerts\u003dtrue, hasTouchScreen\u003dfalse, version\u003d56.0.2924.87, platform\u003dXP, browserConnectionEnabled\u003dfalse, nativeEvents\u003dtrue, acceptSslCerts\u003dtrue, locationContextEnabled\u003dtrue, webStorageEnabled\u003dtrue, browserName\u003dchrome, takesScreenshot\u003dtrue, javascriptEnabled\u003dtrue, cssSelectorsEnabled\u003dtrue}]\nSession ID: ad8d14bbfd112d13a9e09316245b111d\n*** Element info: {Using\u003dxpath, value\u003dh4/a[text()\u003d\u0027Recently Used\u0027]/../../ul/li/a/span/div/h5[text()\u003d\u0027Reception Printer (server)\u0027]}","stackTrace":[{"declaringClass":"au.com.au.papercut.pageObjects.HomePage","methodName":"verifyPrinterStatus","fileName":"HomePage.java","lineNumber":86},{"declaringClass":"au.com.au.papercut.serenity.PaperCut_Steps","methodName":"verifyPrinterState","fileName":"PaperCut_Steps.java","lineNumber":52},{"declaringClass":"au.com.au.papercut.stepDefinitions.PaperCut_StepDef","methodName":"verifyPrinterIsStatus","fileName":"PaperCut_StepDef.java","lineNumber":58}]},"result":"ERROR"}]}]}],"userStory":{"id":"verify-dashboard-components","storyName":"Verify dashboard components","path":"Assignment.feature","narrative":"In order to verify the components of the Dashboard webpage\r\nAs a user or staff member\r\nI should be able to view the available components to be verified","type":"feature"},"title":"Verify the printer name under recently used status","description":"","tags":[{"name":"Reg","type":"tag"},{"name":"Verify dashboard components","type":"feature"}],"startTime":1487292314626,"duration":121275,"testFailureCause":{"errorType":"org.openqa.selenium.NoSuchElementException","message":"no such element: Unable to locate element: {\"method\":\"xpath\",\"selector\":\"h4/a[text()\u003d\u0027Recently Used\u0027]/../../ul/li/a/span/div/h5[text()\u003d\u0027Reception Printer (server)\u0027]\"}\n  (Session info: chrome\u003d56.0.2924.87)\n  (Driver info: chromedriver\u003d2.24.417431 (9aea000394714d2fbb20850021f6204f2256b9cf),platform\u003dWindows NT 10.0.14393 x86_64) (WARNING: The server did not provide any stacktrace information)\nCommand duration or timeout: 914 milliseconds\nFor documentation on this error, please visit: http://seleniumhq.org/exceptions/no_such_element.html\nBuild info: version: \u00272.53.0\u0027, revision: \u002735ae25b1534ae328c771e0856c93e187490ca824\u0027, time: \u00272016-03-15 10:43:46\u0027\nSystem info: host: \u0027Junkyard\u0027, ip: \u0027192.168.136.1\u0027, os.name: \u0027Windows 10\u0027, os.arch: \u0027x86\u0027, os.version: \u002710.0\u0027, java.version: \u00271.8.0_77\u0027\nDriver info: org.openqa.selenium.chrome.ChromeDriver\nCapabilities [{applicationCacheEnabled\u003dfalse, rotatable\u003dfalse, mobileEmulationEnabled\u003dfalse, networkConnectionEnabled\u003dfalse, chrome\u003d{chromedriverVersion\u003d2.24.417431 (9aea000394714d2fbb20850021f6204f2256b9cf), userDataDir\u003dC:\\Users\\novice\\AppData\\Local\\Temp\\scoped_dir9804_24829}, takesHeapSnapshot\u003dtrue, pageLoadStrategy\u003dnormal, databaseEnabled\u003dfalse, handlesAlerts\u003dtrue, hasTouchScreen\u003dfalse, version\u003d56.0.2924.87, platform\u003dXP, browserConnectionEnabled\u003dfalse, nativeEvents\u003dtrue, acceptSslCerts\u003dtrue, locationContextEnabled\u003dtrue, webStorageEnabled\u003dtrue, browserName\u003dchrome, takesScreenshot\u003dtrue, javascriptEnabled\u003dtrue, cssSelectorsEnabled\u003dtrue}]\nSession ID: ad8d14bbfd112d13a9e09316245b111d\n*** Element info: {Using\u003dxpath, value\u003dh4/a[text()\u003d\u0027Recently Used\u0027]/../../ul/li/a/span/div/h5[text()\u003d\u0027Reception Printer (server)\u0027]}","stackTrace":[{"declaringClass":"au.com.au.papercut.pageObjects.HomePage","methodName":"verifyPrinterStatus","fileName":"HomePage.java","lineNumber":86},{"declaringClass":"au.com.au.papercut.serenity.PaperCut_Steps","methodName":"verifyPrinterState","fileName":"PaperCut_Steps.java","lineNumber":52},{"declaringClass":"au.com.au.papercut.stepDefinitions.PaperCut_StepDef","methodName":"verifyPrinterIsStatus","fileName":"PaperCut_StepDef.java","lineNumber":58}]},"testFailureClassname":"java.lang.AssertionError","testFailureMessage":"no such element: Unable to locate element: {\"method\":\"xpath\",\"selector\":\"h4/a[text()\u003d\u0027Recently Used\u0027]/../../ul/li/a/span/div/h5[text()\u003d\u0027Reception Printer (server)\u0027]\"}\n  (Session info: chrome\u003d56.0.2924.87)\n  (Driver info: chromedriver\u003d2.24.417431 (9aea000394714d2fbb20850021f6204f2256b9cf),platform\u003dWindows NT 10.0.14393 x86_64) (WARNING: The server did not provide any stacktrace information)\nCommand duration or timeout: 914 milliseconds\nFor documentation on this error, please visit: http://seleniumhq.org/exceptions/no_such_element.html\nBuild info: version: \u00272.53.0\u0027, revision: \u002735ae25b1534ae328c771e0856c93e187490ca824\u0027, time: \u00272016-03-15 10:43:46\u0027\nSystem info: host: \u0027Junkyard\u0027, ip: \u0027192.168.136.1\u0027, os.name: \u0027Windows 10\u0027, os.arch: \u0027x86\u0027, os.version: \u002710.0\u0027, java.version: \u00271.8.0_77\u0027\nDriver info: org.openqa.selenium.chrome.ChromeDriver\nCapabilities [{applicationCacheEnabled\u003dfalse, rotatable\u003dfalse, mobileEmulationEnabled\u003dfalse, networkConnectionEnabled\u003dfalse, chrome\u003d{chromedriverVersion\u003d2.24.417431 (9aea000394714d2fbb20850021f6204f2256b9cf), userDataDir\u003dC:\\Users\\novice\\AppData\\Local\\Temp\\scoped_dir9804_24829}, takesHeapSnapshot\u003dtrue, pageLoadStrategy\u003dnormal, databaseEnabled\u003dfalse, handlesAlerts\u003dtrue, hasTouchScreen\u003dfalse, version\u003d56.0.2924.87, platform\u003dXP, browserConnectionEnabled\u003dfalse, nativeEvents\u003dtrue, acceptSslCerts\u003dtrue, locationContextEnabled\u003dtrue, webStorageEnabled\u003dtrue, browserName\u003dchrome, takesScreenshot\u003dtrue, javascriptEnabled\u003dtrue, cssSelectorsEnabled\u003dtrue}]\nSession ID: ad8d14bbfd112d13a9e09316245b111d\n*** Element info: {Using\u003dxpath, value\u003dh4/a[text()\u003d\u0027Recently Used\u0027]/../../ul/li/a/span/div/h5[text()\u003d\u0027Reception Printer (server)\u0027]}\r\nno such element: Unable to locate element: {\"method\":\"xpath\",\"selector\":\"h4/a[text()\u003d\u0027Recently Used\u0027]/../../ul/li/a/span/div/h5[text()\u003d\u0027Reception Printer (server)\u0027]\"}\n  (Session info: chrome\u003d56.0.2924.87)\n  (Driver info: chromedriver\u003d2.24.417431 (9aea000394714d2fbb20850021f6204f2256b9cf),platform\u003dWindows NT 10.0.14393 x86_64) (WARNING: The server did not provide any stacktrace information)\nCommand duration or timeout: 914 milliseconds\nFor documentation on this error, please visit: http://seleniumhq.org/exceptions/no_such_element.html\nBuild info: version: \u00272.53.0\u0027, revision: \u002735ae25b1534ae328c771e0856c93e187490ca824\u0027, time: \u00272016-03-15 10:43:46\u0027\nSystem info: host: \u0027Junkyard\u0027, ip: \u0027192.168.136.1\u0027, os.name: \u0027Windows 10\u0027, os.arch: \u0027x86\u0027, os.version: \u002710.0\u0027, java.version: \u00271.8.0_77\u0027\nDriver info: org.openqa.selenium.chrome.ChromeDriver\nCapabilities [{applicationCacheEnabled\u003dfalse, rotatable\u003dfalse, mobileEmulationEnabled\u003dfalse, networkConnectionEnabled\u003dfalse, chrome\u003d{chromedriverVersion\u003d2.24.417431 (9aea000394714d2fbb20850021f6204f2256b9cf), userDataDir\u003dC:\\Users\\novice\\AppData\\Local\\Temp\\scoped_dir9804_24829}, takesHeapSnapshot\u003dtrue, pageLoadStrategy\u003dnormal, databaseEnabled\u003dfalse, handlesAlerts\u003dtrue, hasTouchScreen\u003dfalse, version\u003d56.0.2924.87, platform\u003dXP, browserConnectionEnabled\u003dfalse, nativeEvents\u003dtrue, acceptSslCerts\u003dtrue, locationContextEnabled\u003dtrue, webStorageEnabled\u003dtrue, browserName\u003dchrome, takesScreenshot\u003dtrue, javascriptEnabled\u003dtrue, cssSelectorsEnabled\u003dtrue}]\nSession ID: ad8d14bbfd112d13a9e09316245b111d\n*** Element info: {Using\u003dxpath, value\u003dh4/a[text()\u003d\u0027Recently Used\u0027]/../../ul/li/a/span/div/h5[text()\u003d\u0027Reception Printer (server)\u0027]}\nFor documentation on this error, please visit: http://seleniumhq.org/exceptions/no_such_element.html\nBuild info: version: \u00272.53.0\u0027, revision: \u002735ae25b1534ae328c771e0856c93e187490ca824\u0027, time: \u00272016-03-15 10:43:46\u0027\nSystem info: host: \u0027Junkyard\u0027, ip: \u0027192.168.136.1\u0027, os.name: \u0027Windows 10\u0027, os.arch: \u0027x86\u0027, os.version: \u002710.0\u0027, java.version: \u00271.8.0_77\u0027\nDriver info: driver.version: unknown","annotatedResult":"ERROR","sessionId":"ad8d14bbfd112d13a9e09316245b111d","driver":"chrome","dataTable":{"headers":["Email","Password"],"rows":[{"values":["papercut.assignment@gmail.com","PaperCut123#"],"result":"ERROR"}],"predefinedRows":true,"currentRow":{"value":0},"dataSetDescriptors":[{"startRow":0,"rowCount":0,"name":"","description":""}]},"manual":false,"result":"ERROR"}