<acceptance-test-run title="Verify the printer name under recently used status" name="Verify the printer name under recently used status" description="" steps="6" successful="5" failures="0" errors="1" skipped="0" ignored="0" pending="0" annotated-result="ERROR" result="ERROR" duration="121275" timestamp="2017-02-17T11:45:14.626+11:00" session-id="ad8d14bbfd112d13a9e09316245b111d">
  <user-story id="verify-dashboard-components" name="Verify dashboard components" path="Assignment.feature"/>
  <tags>
    <tag name="Verify dashboard components" type="feature"/>
    <tag name="Reg" type="tag"/>
  </tags>
  <examples>
    <datasets>
      <dataset startRow="0" rowCount="0" name="" description=""/>
    </datasets>
    <headers>
      <header>Email</header>
      <header>Password</header>
    </headers>
    <rows>
      <row result="ERROR">
        <value>papercut.assignment@gmail.com</value>
        <value>PaperCut123#</value>
      </row>
    </rows>
  </examples>
  <test-group name="[1] {Email=papercut.assignment@gmail.com, Password=PaperCut123#}" result="ERROR">
    <test-group name="Given the PaperCut portal is launched" result="SUCCESS">
      <screenshots>
        <screenshot image="7532ac583c064ae2aa13d1a165f3ecaa.png"/>
        <screenshot image="921e99accb12f918a88c57c5f26c49be.png"/>
      </screenshots>
      <test-step result="SUCCESS" duration="12518">
        <screenshots>
          <screenshot image="7532ac583c064ae2aa13d1a165f3ecaa.png"/>
          <screenshot image="d21c3f67e6db7591f0bb29e49d8ed7ef.png"/>
        </screenshots>
        <description>Launch app</description>
      </test-step>
    </test-group>
    <test-group name="When clicks on &quot;Get Started Now&quot;" result="SUCCESS">
      <screenshots>
        <screenshot image="6eac8f902170f73d97de8e54077520be.png"/>
        <screenshot image="9e04cc55d69330211efb17118aa33710.png"/>
      </screenshots>
      <test-step result="SUCCESS" duration="8006">
        <screenshots>
          <screenshot image="65c53130a37dd98cbf0b62be4dcd4798.png"/>
          <screenshot image="695db558e279f304a7f62a6de87cabc3.png"/>
        </screenshots>
        <description>Click button: &lt;span class=&apos;step-parameter&apos;&gt;Get Started Now&lt;/span&gt;</description>
      </test-step>
    </test-group>
    <test-group name="And clicks on &quot;Continue with Google&quot;" result="SUCCESS">
      <screenshots>
        <screenshot image="b3490b33a633e9ce80b4b67a01b7429c.png"/>
        <screenshot image="4a167be102fddc416d96c2ad35f80e72.png"/>
      </screenshots>
      <test-step result="SUCCESS" duration="13960">
        <screenshots>
          <screenshot image="9ccc892604a76d1ef5244172c2351687.png"/>
          <screenshot image="83ca8e685a6a2dd289c9a05018e509ef.png"/>
        </screenshots>
        <description>Click button: &lt;span class=&apos;step-parameter&apos;&gt;Continue with Google&lt;/span&gt;</description>
      </test-step>
    </test-group>
    <test-group name="And I signin with my Google papercut.assignment@gmail.com and PaperCut123#" result="SUCCESS">
      <screenshots>
        <screenshot image="83ca8e685a6a2dd289c9a05018e509ef.png"/>
        <screenshot image="46f6d5995bcb5f09e092a49ef395aeb2.png"/>
      </screenshots>
      <test-step result="SUCCESS" duration="46323">
        <screenshots>
          <screenshot image="4a167be102fddc416d96c2ad35f80e72.png"/>
          <screenshot image="ea6e0e73cba29a653cccc2f86cee61cd.png"/>
        </screenshots>
        <description>Login app: &lt;span class=&apos;step-parameter&apos;&gt;papercut.assignment@gmail.com, PaperCut123#&lt;/span&gt;</description>
      </test-step>
    </test-group>
    <test-group name="And I skip the guided tour of the application" result="SUCCESS">
      <screenshots>
        <screenshot image="1b00e8156e50834e16ea2a9f09397505.png"/>
        <screenshot image="1ff8e1c67c1570046474206a6fbc219f.png"/>
      </screenshots>
      <test-step result="SUCCESS" duration="8663">
        <screenshots>
          <screenshot image="fa2e6a903a63a05d8a7b20d86d4874f4.png"/>
          <screenshot image="a5a80e8652eb6094f1c27363fb5dddd3.png"/>
        </screenshots>
        <description>Skip tour</description>
      </test-step>
    </test-group>
    <test-group name="Then verify &quot;Reception Printer (server)&quot; printer is &quot;Recently Used&quot; status" result="ERROR">
      <screenshots>
        <screenshot image="c86514c1c850bc5205a3e73e136d1b8b.png"/>
      </screenshots>
      <test-step result="ERROR" duration="6353">
        <screenshots>
          <screenshot image="c04f56966bad55b36358e958f80fa093.png"/>
          <screenshot image="2a807baafa55afd2fbe8a644cd27ca50.png" source="pagesource4457985829219366780.html.txt"/>
        </screenshots>
        <description>Verify printer state: &lt;span class=&apos;step-parameter&apos;&gt;Reception Printer (server), Recently Used&lt;/span&gt;</description>
        <error>org.openqa.selenium.NoSuchElementException: no such element: Unable to locate element: {&quot;method&quot;:&quot;xpath&quot;,&quot;selector&quot;:&quot;h4/a[text()=&apos;Recently Used&apos;]/../../ul/li/a/span/div/h5[text()=&apos;Reception Printer (server)&apos;]&quot;}
  (Session info: chrome=56.0.2924.87)
  (Driver info: chromedriver=2.24.417431 (9aea000394714d2fbb20850021f6204f2256b9cf),platform=Windows NT 10.0.14393 x86_64) (WARNING: The server did not provide any stacktrace information)
Command duration or timeout: 914 milliseconds
For documentation on this error, please visit: http://seleniumhq.org/exceptions/no_such_element.html
Build info: version: &apos;2.53.0&apos;, revision: &apos;35ae25b1534ae328c771e0856c93e187490ca824&apos;, time: &apos;2016-03-15 10:43:46&apos;
System info: host: &apos;Junkyard&apos;, ip: &apos;192.168.136.1&apos;, os.name: &apos;Windows 10&apos;, os.arch: &apos;x86&apos;, os.version: &apos;10.0&apos;, java.version: &apos;1.8.0_77&apos;
Driver info: org.openqa.selenium.chrome.ChromeDriver
Capabilities [{applicationCacheEnabled=false, rotatable=false, mobileEmulationEnabled=false, networkConnectionEnabled=false, chrome={chromedriverVersion=2.24.417431 (9aea000394714d2fbb20850021f6204f2256b9cf), userDataDir=C:\Users\novice\AppData\Local\Temp\scoped_dir9804_24829}, takesHeapSnapshot=true, pageLoadStrategy=normal, databaseEnabled=false, handlesAlerts=true, hasTouchScreen=false, version=56.0.2924.87, platform=XP, browserConnectionEnabled=false, nativeEvents=true, acceptSslCerts=true, locationContextEnabled=true, webStorageEnabled=true, browserName=chrome, takesScreenshot=true, javascriptEnabled=true, cssSelectorsEnabled=true}]
Session ID: ad8d14bbfd112d13a9e09316245b111d
*** Element info: {Using=xpath, value=h4/a[text()=&apos;Recently Used&apos;]/../../ul/li/a/span/div/h5[text()=&apos;Reception Printer (server)&apos;]}</error>
        <exception>org.openqa.selenium.NoSuchElementException:no such element: Unable to locate element: {&quot;method&quot;:&quot;xpath&quot;,&quot;selector&quot;:&quot;h4/a[text()=&apos;Recently Used&apos;]/../../ul/li/a/span/div/h5[text()=&apos;Reception Printer (server)&apos;]&quot;}
  (Session info: chrome=56.0.2924.87)
  (Driver info: chromedriver=2.24.417431 (9aea000394714d2fbb20850021f6204f2256b9cf),platform=Windows NT 10.0.14393 x86_64) (WARNING: The server did not provide any stacktrace information)
Command duration or timeout: 914 milliseconds
For documentation on this error, please visit: http://seleniumhq.org/exceptions/no_such_element.html
Build info: version: &apos;2.53.0&apos;, revision: &apos;35ae25b1534ae328c771e0856c93e187490ca824&apos;, time: &apos;2016-03-15 10:43:46&apos;
System info: host: &apos;Junkyard&apos;, ip: &apos;192.168.136.1&apos;, os.name: &apos;Windows 10&apos;, os.arch: &apos;x86&apos;, os.version: &apos;10.0&apos;, java.version: &apos;1.8.0_77&apos;
Driver info: org.openqa.selenium.chrome.ChromeDriver
Capabilities [{applicationCacheEnabled=false, rotatable=false, mobileEmulationEnabled=false, networkConnectionEnabled=false, chrome={chromedriverVersion=2.24.417431 (9aea000394714d2fbb20850021f6204f2256b9cf), userDataDir=C:\Users\novice\AppData\Local\Temp\scoped_dir9804_24829}, takesHeapSnapshot=true, pageLoadStrategy=normal, databaseEnabled=false, handlesAlerts=true, hasTouchScreen=false, version=56.0.2924.87, platform=XP, browserConnectionEnabled=false, nativeEvents=true, acceptSslCerts=true, locationContextEnabled=true, webStorageEnabled=true, browserName=chrome, takesScreenshot=true, javascriptEnabled=true, cssSelectorsEnabled=true}]
Session ID: ad8d14bbfd112d13a9e09316245b111d
*** Element info: {Using=xpath, value=h4/a[text()=&apos;Recently Used&apos;]/../../ul/li/a/span/div/h5[text()=&apos;Reception Printer (server)&apos;]}&#xd;
[au.com.au.papercut.pageObjects.HomePage.verifyPrinterStatus(HomePage.java:86), au.com.au.papercut.serenity.PaperCut_Steps.verifyPrinterState(PaperCut_Steps.java:52), au.com.au.papercut.stepDefinitions.PaperCut_StepDef.verifyPrinterIsStatus(PaperCut_StepDef.java:58)]</exception>
      </test-step>
    </test-group>
  </test-group>
</acceptance-test-run>