<acceptance-test-run title="Verify the Email Address on the top right corner of the webpage" name="Verify the Email Address on the top right corner of the webpage" description="" steps="6" successful="6" failures="0" skipped="0" ignored="0" pending="0" result="SUCCESS" duration="207420" timestamp="2017-02-17T11:34:40.002+11:00" session-id="88275453846ceb429401e6afb7b6d35b">
  <user-story id="verify-dashboard-components" name="Verify dashboard components" path="Assignment.feature"/>
  <tags>
    <tag name="Verify dashboard components" type="feature"/>
    <tag name="Reg" type="tag"/>
  </tags>
  <examples>
    <datasets>
      <dataset startRow="0" rowCount="0" name="" description=""/>
    </datasets>
    <headers>
      <header>Email</header>
      <header>Password</header>
    </headers>
    <rows>
      <row result="SUCCESS">
        <value>papercut.assignment@gmail.com</value>
        <value>PaperCut123#</value>
      </row>
    </rows>
  </examples>
  <test-group name="[1] {Email=papercut.assignment@gmail.com, Password=PaperCut123#}" result="SUCCESS">
    <screenshots>
      <screenshot image="e52bfc8a8bb725ace976ec1020153e8f.png"/>
    </screenshots>
    <test-group name="Given the PaperCut portal is launched" result="SUCCESS">
      <screenshots>
        <screenshot image="7532ac583c064ae2aa13d1a165f3ecaa.png"/>
        <screenshot image="02e607c6acc53d7d6e3a74ce84e06705.png"/>
      </screenshots>
      <test-step result="SUCCESS" duration="17935">
        <screenshots>
          <screenshot image="7532ac583c064ae2aa13d1a165f3ecaa.png"/>
          <screenshot image="af930b258d6fa19c949b4ff01e180fc8.png"/>
        </screenshots>
        <description>Launch app</description>
      </test-step>
    </test-group>
    <test-group name="When clicks on &quot;Get Started Now&quot;" result="SUCCESS">
      <screenshots>
        <screenshot image="36d8f1797125f5032e2536ddbdd0541f.png"/>
        <screenshot image="af4561cfc72bbd76b428022c2d308b0c.png"/>
      </screenshots>
      <test-step result="SUCCESS" duration="16188">
        <screenshots>
          <screenshot image="083f7b69128fe14cfd7d632969767952.png"/>
          <screenshot image="be189604530f254a0d75fa71aea9e8e2.png"/>
        </screenshots>
        <description>Click button: &lt;span class=&apos;step-parameter&apos;&gt;Get Started Now&lt;/span&gt;</description>
      </test-step>
    </test-group>
    <test-group name="And clicks on &quot;Continue with Google&quot;" result="SUCCESS">
      <screenshots>
        <screenshot image="9944021828e14cf0226617d11e00fc93.png"/>
        <screenshot image="278c86abc2faf481dd62ade8501bae08.png"/>
      </screenshots>
      <test-step result="SUCCESS" duration="20403">
        <screenshots>
          <screenshot image="4c49c8d5179b3eaba1b276c1b00cd879.png"/>
          <screenshot image="4a167be102fddc416d96c2ad35f80e72.png"/>
        </screenshots>
        <description>Click button: &lt;span class=&apos;step-parameter&apos;&gt;Continue with Google&lt;/span&gt;</description>
      </test-step>
    </test-group>
    <test-group name="And I signin with my Google papercut.assignment@gmail.com and PaperCut123#" result="SUCCESS">
      <screenshots>
        <screenshot image="278c86abc2faf481dd62ade8501bae08.png"/>
        <screenshot image="2881b0536f12ef54721ed34d80535f4d.png"/>
      </screenshots>
      <test-step result="SUCCESS" duration="68240">
        <screenshots>
          <screenshot image="278c86abc2faf481dd62ade8501bae08.png"/>
          <screenshot image="71e8ce6101b4df2b8cab556b86b34b93.png"/>
        </screenshots>
        <description>Login app: &lt;span class=&apos;step-parameter&apos;&gt;papercut.assignment@gmail.com, PaperCut123#&lt;/span&gt;</description>
      </test-step>
    </test-group>
    <test-group name="And I skip the guided tour of the application" result="SUCCESS">
      <screenshots>
        <screenshot image="168bcf0e35881ed45e56eabc6cf81ed0.png"/>
        <screenshot image="dc5268286dbaa805a70c7dfc5341a454.png"/>
      </screenshots>
      <test-step result="SUCCESS" duration="9846">
        <screenshots>
          <screenshot image="997ebb9dce1e6cca629e4e9d477cac7c.png"/>
          <screenshot image="0c2fb0908aaaeefe2b4bf003f2323599.png"/>
        </screenshots>
        <description>Skip tour</description>
      </test-step>
    </test-group>
    <test-group name="Then verify profile page displayed &quot;Email&quot; with the papercut.assignment@gmail.com" result="SUCCESS">
      <screenshots>
        <screenshot image="7139ef32bc1c4d316a36b852eaf588f0.png"/>
        <screenshot image="2731b68cf7eea1f00ce2f17f7a8841c0.png"/>
      </screenshots>
      <test-step result="SUCCESS" duration="10683">
        <screenshots>
          <screenshot image="dd082953693cac6147528b6f2305718d.png"/>
          <screenshot image="b945a8976ca5e499c814891f04d190a2.png"/>
        </screenshots>
        <description>Verify obj on page: &lt;span class=&apos;step-parameter&apos;&gt;Email, papercut.assignment@gmail.com&lt;/span&gt;</description>
      </test-step>
    </test-group>
  </test-group>
</acceptance-test-run>