{"name":"Verify the Email Address on the top right corner of the webpage","testSteps":[{"number":1,"description":"[1] {Email\u003dpapercut.assignment@gmail.com, Password\u003dPaperCut123#}","duration":205645,"startTime":1487291681773,"screenshots":[{"screenshot":"e52bfc8a8bb725ace976ec1020153e8f.png"}],"result":"SUCCESS","children":[{"number":2,"description":"Given the PaperCut portal is launched","duration":29222,"startTime":1487291702993,"screenshots":[{"screenshot":"7532ac583c064ae2aa13d1a165f3ecaa.png"},{"screenshot":"02e607c6acc53d7d6e3a74ce84e06705.png"}],"result":"SUCCESS","children":[{"number":3,"description":"Launch app","duration":17935,"startTime":1487291711804,"screenshots":[{"screenshot":"7532ac583c064ae2aa13d1a165f3ecaa.png"},{"screenshot":"af930b258d6fa19c949b4ff01e180fc8.png"}],"result":"SUCCESS"}]},{"number":4,"description":"When clicks on \"Get Started Now\"","duration":22132,"startTime":1487291732260,"screenshots":[{"screenshot":"36d8f1797125f5032e2536ddbdd0541f.png"},{"screenshot":"af4561cfc72bbd76b428022c2d308b0c.png"}],"result":"SUCCESS","children":[{"number":5,"description":"Click button: \u003cspan class\u003d\u0027step-parameter\u0027\u003eGet Started Now\u003c/span\u003e","duration":16188,"startTime":1487291734739,"screenshots":[{"screenshot":"083f7b69128fe14cfd7d632969767952.png"},{"screenshot":"be189604530f254a0d75fa71aea9e8e2.png"}],"result":"SUCCESS"}]},{"number":6,"description":"And clicks on \"Continue with Google\"","duration":26685,"startTime":1487291754397,"screenshots":[{"screenshot":"9944021828e14cf0226617d11e00fc93.png"},{"screenshot":"278c86abc2faf481dd62ade8501bae08.png"}],"result":"SUCCESS","children":[{"number":7,"description":"Click button: \u003cspan class\u003d\u0027step-parameter\u0027\u003eContinue with Google\u003c/span\u003e","duration":20403,"startTime":1487291758258,"screenshots":[{"screenshot":"4c49c8d5179b3eaba1b276c1b00cd879.png"},{"screenshot":"4a167be102fddc416d96c2ad35f80e72.png"}],"result":"SUCCESS"}]},{"number":8,"description":"And I signin with my Google papercut.assignment@gmail.com and PaperCut123#","duration":72873,"startTime":1487291781087,"screenshots":[{"screenshot":"278c86abc2faf481dd62ade8501bae08.png"},{"screenshot":"2881b0536f12ef54721ed34d80535f4d.png"}],"result":"SUCCESS","children":[{"number":9,"description":"Login app: \u003cspan class\u003d\u0027step-parameter\u0027\u003epapercut.assignment@gmail.com, PaperCut123#\u003c/span\u003e","duration":68240,"startTime":1487291781969,"screenshots":[{"screenshot":"278c86abc2faf481dd62ade8501bae08.png"},{"screenshot":"71e8ce6101b4df2b8cab556b86b34b93.png"}],"result":"SUCCESS"}]},{"number":10,"description":"And I skip the guided tour of the application","duration":15440,"startTime":1487291853964,"screenshots":[{"screenshot":"168bcf0e35881ed45e56eabc6cf81ed0.png"},{"screenshot":"dc5268286dbaa805a70c7dfc5341a454.png"}],"result":"SUCCESS","children":[{"number":11,"description":"Skip tour","duration":9846,"startTime":1487291857448,"screenshots":[{"screenshot":"997ebb9dce1e6cca629e4e9d477cac7c.png"},{"screenshot":"0c2fb0908aaaeefe2b4bf003f2323599.png"}],"result":"SUCCESS"}]},{"number":12,"description":"Then verify profile page displayed \"Email\" with the papercut.assignment@gmail.com","duration":15336,"startTime":1487291869414,"screenshots":[{"screenshot":"7139ef32bc1c4d316a36b852eaf588f0.png"},{"screenshot":"2731b68cf7eea1f00ce2f17f7a8841c0.png"}],"result":"SUCCESS","children":[{"number":13,"description":"Verify obj on page: \u003cspan class\u003d\u0027step-parameter\u0027\u003eEmail, papercut.assignment@gmail.com\u003c/span\u003e","duration":10683,"startTime":1487291872029,"screenshots":[{"screenshot":"dd082953693cac6147528b6f2305718d.png"},{"screenshot":"b945a8976ca5e499c814891f04d190a2.png"}],"result":"SUCCESS"}]}]}],"userStory":{"id":"verify-dashboard-components","storyName":"Verify dashboard components","path":"Assignment.feature","narrative":"In order to verify the components of the Dashboard webpage\r\nAs a user or staff member\r\nI should be able to view the available components to be verified","type":"feature"},"title":"Verify the Email Address on the top right corner of the webpage","description":"","tags":[{"name":"Reg","type":"tag"},{"name":"Verify dashboard components","type":"feature"}],"startTime":1487291680002,"duration":207420,"sessionId":"88275453846ceb429401e6afb7b6d35b","driver":"chrome","dataTable":{"headers":["Email","Password"],"rows":[{"values":["papercut.assignment@gmail.com","PaperCut123#"],"result":"SUCCESS"}],"predefinedRows":true,"currentRow":{"value":0},"dataSetDescriptors":[{"startRow":0,"rowCount":0,"name":"","description":""}]},"manual":false,"result":"SUCCESS"}