"Story","Title","Result","Date","Stability","Duration (s)"
"Verify dashboard components","Verify the Email Address on the top right corner of the webpage","SUCCESS","2017-02-17T12:07:42.070+11:00","0.0","105.81"
"Verify dashboard components","Verify the print count for the HP Laserjet printer using Forecast for 30 days","SUCCESS","2017-02-17T12:17:10.666+11:00","0.0","106.78"
"Verify dashboard components","Verify the print count for the HP Laserjet printer using Forecast for 60 days","SUCCESS","2017-02-17T12:19:07.721+11:00","0.0","112.27"
"Verify dashboard components","Verify the printer name under Warning status","SUCCESS","2017-02-17T12:11:45.222+11:00","0.0","99.58"
"Verify dashboard components","Verify the printer name under error status","SUCCESS","2017-02-17T12:09:55.083+11:00","0.0","100.18"
"Verify dashboard components","Verify the printer name under recently used status","SUCCESS","2017-02-17T12:13:35.272+11:00","0.0","96.44"
"Verify dashboard components","Verify the total number of prints for the current month","SUCCESS","2017-02-17T12:15:21.902+11:00","0.0","97.42"
