<acceptance-test-run title="Verify the print count for the HP Laserjet printer using Forecast for 30 days" name="Verify the print count for the HP Laserjet printer using Forecast for 30 days" description="" steps="6" successful="6" failures="0" skipped="0" ignored="0" pending="0" result="SUCCESS" duration="106777" timestamp="2017-02-17T12:17:10.666+11:00" session-id="42f406f07a15ca93d5fb994a5648de03">
  <user-story id="verify-dashboard-components" name="Verify dashboard components" path="Assignment.feature"/>
  <tags>
    <tag name="Verify dashboard components" type="feature"/>
    <tag name="Reg" type="tag"/>
  </tags>
  <examples>
    <datasets>
      <dataset startRow="0" rowCount="0" name="" description=""/>
    </datasets>
    <headers>
      <header>Email</header>
      <header>Password</header>
    </headers>
    <rows>
      <row result="SUCCESS">
        <value>papercut.assignment@gmail.com</value>
        <value>PaperCut123#</value>
      </row>
    </rows>
  </examples>
  <test-group name="[1] {Email=papercut.assignment@gmail.com, Password=PaperCut123#}" result="SUCCESS">
    <screenshots>
      <screenshot image="d2e947a4985b0f3dfc28103962f7f07e.png"/>
    </screenshots>
    <test-group name="Given the PaperCut portal is launched" result="SUCCESS">
      <screenshots>
        <screenshot image="7532ac583c064ae2aa13d1a165f3ecaa.png"/>
        <screenshot image="a5b481ba1a5b04647fe33a3449bc1f98.png"/>
      </screenshots>
      <test-step result="SUCCESS" duration="8963">
        <screenshots>
          <screenshot image="7532ac583c064ae2aa13d1a165f3ecaa.png"/>
          <screenshot image="1247165c5f9781f0a7e9507af430d553.png"/>
        </screenshots>
        <description>Launch app</description>
      </test-step>
    </test-group>
    <test-group name="When clicks on &quot;Get Started Now&quot;" result="SUCCESS">
      <screenshots>
        <screenshot image="3dfe294c4dda2d33e58dbb3e1f56969d.png"/>
        <screenshot image="87db03c5becc41605e53dc188fd1f4b2.png"/>
      </screenshots>
      <test-step result="SUCCESS" duration="4855">
        <screenshots>
          <screenshot image="703d067b9812761672be9e25a3935f2a.png"/>
          <screenshot image="e3978fa3cd6b3bd25f91e6590b682e4b.png"/>
        </screenshots>
        <description>Click button: &lt;span class=&apos;step-parameter&apos;&gt;Get Started Now&lt;/span&gt;</description>
      </test-step>
    </test-group>
    <test-group name="And clicks on &quot;Continue with Google&quot;" result="SUCCESS">
      <screenshots>
        <screenshot image="cdc99c8724552699bbea55498665558c.png"/>
        <screenshot image="5deaba0a078bb0e623b68ec21c9b8e50.png"/>
      </screenshots>
      <test-step result="SUCCESS" duration="6981">
        <screenshots>
          <screenshot image="1e5588f764e9d7a8f9cd3b649e034108.png"/>
          <screenshot image="278c86abc2faf481dd62ade8501bae08.png"/>
        </screenshots>
        <description>Click button: &lt;span class=&apos;step-parameter&apos;&gt;Continue with Google&lt;/span&gt;</description>
      </test-step>
    </test-group>
    <test-group name="And I signin with my Google papercut.assignment@gmail.com and PaperCut123#" result="SUCCESS">
      <screenshots>
        <screenshot image="278c86abc2faf481dd62ade8501bae08.png"/>
        <screenshot image="363bbd1843e35ab319d6f967e5106efe.png"/>
      </screenshots>
      <test-step result="SUCCESS" duration="39523">
        <screenshots>
          <screenshot image="5deaba0a078bb0e623b68ec21c9b8e50.png"/>
          <screenshot image="bf090064826e20444e5c38882d6ecb9f.png"/>
        </screenshots>
        <description>Login app: &lt;span class=&apos;step-parameter&apos;&gt;papercut.assignment@gmail.com, PaperCut123#&lt;/span&gt;</description>
      </test-step>
    </test-group>
    <test-group name="And I skip the guided tour of the application" result="SUCCESS">
      <screenshots>
        <screenshot image="c4ba4b5289413ad0c23626176564026d.png"/>
        <screenshot image="5e9d175accec27879ac92bd0dbc0a1b9.png"/>
      </screenshots>
      <test-step result="SUCCESS" duration="7360">
        <screenshots>
          <screenshot image="2dea1c88ae99ff4b0f01bd059e7299b8.png"/>
          <screenshot image="1378b553b6acb2c6e857cdfe59f41574.png"/>
        </screenshots>
        <description>Skip tour</description>
      </test-step>
    </test-group>
    <test-group name="Then verify the forecast for each ink block for &quot;HP Color LaserJet Pro MFP M277 PCL6&quot; for 30 days" result="SUCCESS">
      <screenshots>
        <screenshot image="bb0e2448a2b4fb73c283ef7da6871083.png"/>
        <screenshot image="5a0f6eed193310c8d346332b7899bd19.png"/>
      </screenshots>
      <test-step result="SUCCESS" duration="15238">
        <screenshots>
          <screenshot image="c4787e6a25933e6affa0ef410e316e55.png"/>
          <screenshot image="956d91ba5bb5f2e1c2cb814e19271a7d.png"/>
        </screenshots>
        <description>Verify total prints for each ink block: &lt;span class=&apos;step-parameter&apos;&gt;HP Color LaserJet Pro MFP M277 PCL6, 30&lt;/span&gt;</description>
      </test-step>
    </test-group>
  </test-group>
</acceptance-test-run>