{"name":"Verify the print count for the HP Laserjet printer using Forecast for 30 days","testSteps":[{"number":1,"description":"[1] {Email\u003dpapercut.assignment@gmail.com, Password\u003dPaperCut123#}","duration":105486,"startTime":1487294230669,"screenshots":[{"screenshot":"d2e947a4985b0f3dfc28103962f7f07e.png"}],"result":"SUCCESS","children":[{"number":2,"description":"Given the PaperCut portal is launched","duration":11878,"startTime":1487294236350,"screenshots":[{"screenshot":"7532ac583c064ae2aa13d1a165f3ecaa.png"},{"screenshot":"a5b481ba1a5b04647fe33a3449bc1f98.png"}],"result":"SUCCESS","children":[{"number":3,"description":"Launch app","duration":8963,"startTime":1487294237115,"screenshots":[{"screenshot":"7532ac583c064ae2aa13d1a165f3ecaa.png"},{"screenshot":"1247165c5f9781f0a7e9507af430d553.png"}],"result":"SUCCESS"}]},{"number":4,"description":"When clicks on \"Get Started Now\"","duration":6542,"startTime":1487294248236,"screenshots":[{"screenshot":"3dfe294c4dda2d33e58dbb3e1f56969d.png"},{"screenshot":"87db03c5becc41605e53dc188fd1f4b2.png"}],"result":"SUCCESS","children":[{"number":5,"description":"Click button: \u003cspan class\u003d\u0027step-parameter\u0027\u003eGet Started Now\u003c/span\u003e","duration":4855,"startTime":1487294249018,"screenshots":[{"screenshot":"703d067b9812761672be9e25a3935f2a.png"},{"screenshot":"e3978fa3cd6b3bd25f91e6590b682e4b.png"}],"result":"SUCCESS"}]},{"number":6,"description":"And clicks on \"Continue with Google\"","duration":9442,"startTime":1487294254782,"screenshots":[{"screenshot":"cdc99c8724552699bbea55498665558c.png"},{"screenshot":"5deaba0a078bb0e623b68ec21c9b8e50.png"}],"result":"SUCCESS","children":[{"number":7,"description":"Click button: \u003cspan class\u003d\u0027step-parameter\u0027\u003eContinue with Google\u003c/span\u003e","duration":6981,"startTime":1487294256624,"screenshots":[{"screenshot":"1e5588f764e9d7a8f9cd3b649e034108.png"},{"screenshot":"278c86abc2faf481dd62ade8501bae08.png"}],"result":"SUCCESS"}]},{"number":8,"description":"And I signin with my Google papercut.assignment@gmail.com and PaperCut123#","duration":41869,"startTime":1487294264228,"screenshots":[{"screenshot":"278c86abc2faf481dd62ade8501bae08.png"},{"screenshot":"363bbd1843e35ab319d6f967e5106efe.png"}],"result":"SUCCESS","children":[{"number":9,"description":"Login app: \u003cspan class\u003d\u0027step-parameter\u0027\u003epapercut.assignment@gmail.com, PaperCut123#\u003c/span\u003e","duration":39523,"startTime":1487294264805,"screenshots":[{"screenshot":"5deaba0a078bb0e623b68ec21c9b8e50.png"},{"screenshot":"bf090064826e20444e5c38882d6ecb9f.png"}],"result":"SUCCESS"}]},{"number":10,"description":"And I skip the guided tour of the application","duration":10645,"startTime":1487294306102,"screenshots":[{"screenshot":"c4ba4b5289413ad0c23626176564026d.png"},{"screenshot":"5e9d175accec27879ac92bd0dbc0a1b9.png"}],"result":"SUCCESS","children":[{"number":11,"description":"Skip tour","duration":7360,"startTime":1487294307900,"screenshots":[{"screenshot":"2dea1c88ae99ff4b0f01bd059e7299b8.png"},{"screenshot":"1378b553b6acb2c6e857cdfe59f41574.png"}],"result":"SUCCESS"}]},{"number":12,"description":"Then verify the forecast for each ink block for \"HP Color LaserJet Pro MFP M277 PCL6\" for 30 days","duration":18317,"startTime":1487294316753,"screenshots":[{"screenshot":"bb0e2448a2b4fb73c283ef7da6871083.png"},{"screenshot":"5a0f6eed193310c8d346332b7899bd19.png"}],"result":"SUCCESS","children":[{"number":13,"description":"Verify total prints for each ink block: \u003cspan class\u003d\u0027step-parameter\u0027\u003eHP Color LaserJet Pro MFP M277 PCL6, 30\u003c/span\u003e","duration":15238,"startTime":1487294318311,"screenshots":[{"screenshot":"c4787e6a25933e6affa0ef410e316e55.png"},{"screenshot":"956d91ba5bb5f2e1c2cb814e19271a7d.png"}],"result":"SUCCESS"}]}]}],"userStory":{"id":"verify-dashboard-components","storyName":"Verify dashboard components","path":"Assignment.feature","narrative":"In order to verify the components of the Dashboard webpage\r\nAs a user or staff member\r\nI should be able to view the available components to be verified","type":"feature"},"title":"Verify the print count for the HP Laserjet printer using Forecast for 30 days","description":"","tags":[{"name":"Reg","type":"tag"},{"name":"Verify dashboard components","type":"feature"}],"startTime":1487294230666,"duration":106777,"sessionId":"42f406f07a15ca93d5fb994a5648de03","driver":"chrome","dataTable":{"headers":["Email","Password"],"rows":[{"values":["papercut.assignment@gmail.com","PaperCut123#"],"result":"SUCCESS"}],"predefinedRows":true,"currentRow":{"value":0},"dataSetDescriptors":[{"startRow":0,"rowCount":0,"name":"","description":""}]},"manual":false,"result":"SUCCESS"}