<acceptance-test-run title="Verify the total number of prints for the current month" name="Verify the total number of prints for the current month" description="" steps="6" successful="6" failures="0" skipped="0" ignored="0" pending="0" result="SUCCESS" duration="97421" timestamp="2017-02-17T12:15:21.902+11:00" session-id="b4d851595e16941b08047e9251b1b212">
  <user-story id="verify-dashboard-components" name="Verify dashboard components" path="Assignment.feature"/>
  <tags>
    <tag name="Verify dashboard components" type="feature"/>
    <tag name="Reg" type="tag"/>
  </tags>
  <examples>
    <datasets>
      <dataset startRow="0" rowCount="0" name="" description=""/>
    </datasets>
    <headers>
      <header>Email</header>
      <header>Password</header>
    </headers>
    <rows>
      <row result="SUCCESS">
        <value>papercut.assignment@gmail.com</value>
        <value>PaperCut123#</value>
      </row>
    </rows>
  </examples>
  <test-group name="[1] {Email=papercut.assignment@gmail.com, Password=PaperCut123#}" result="SUCCESS">
    <screenshots>
      <screenshot image="5db0919e4b6c8b4a162b109b0ff69810.png"/>
    </screenshots>
    <test-group name="Given the PaperCut portal is launched" result="SUCCESS">
      <screenshots>
        <screenshot image="7532ac583c064ae2aa13d1a165f3ecaa.png"/>
        <screenshot image="61164c3bf0b405de0ae98a06b04b9b60.png"/>
      </screenshots>
      <test-step result="SUCCESS" duration="10798">
        <screenshots>
          <screenshot image="7532ac583c064ae2aa13d1a165f3ecaa.png"/>
          <screenshot image="8768341620f529832ee1643cb61c7b3f.png"/>
        </screenshots>
        <description>Launch app</description>
      </test-step>
    </test-group>
    <test-group name="When clicks on &quot;Get Started Now&quot;" result="SUCCESS">
      <screenshots>
        <screenshot image="a41f73c946eea92331f0ff83c8b035bc.png"/>
        <screenshot image="b689cd5d9e7576c06da91a0ee70c6541.png"/>
      </screenshots>
      <test-step result="SUCCESS" duration="5856">
        <screenshots>
          <screenshot image="2189ef956a8b4e6c6f6221f140d1ed20.png"/>
          <screenshot image="a033170036e73304ec5336d4ce6f6c7e.png"/>
        </screenshots>
        <description>Click button: &lt;span class=&apos;step-parameter&apos;&gt;Get Started Now&lt;/span&gt;</description>
      </test-step>
    </test-group>
    <test-group name="And clicks on &quot;Continue with Google&quot;" result="SUCCESS">
      <screenshots>
        <screenshot image="f5e0530d1242bc7275469cd0b6a240aa.png"/>
        <screenshot image="83ca8e685a6a2dd289c9a05018e509ef.png"/>
      </screenshots>
      <test-step result="SUCCESS" duration="7377">
        <screenshots>
          <screenshot image="eacf51117a256cad7b6110032b1de778.png"/>
          <screenshot image="4a167be102fddc416d96c2ad35f80e72.png"/>
        </screenshots>
        <description>Click button: &lt;span class=&apos;step-parameter&apos;&gt;Continue with Google&lt;/span&gt;</description>
      </test-step>
    </test-group>
    <test-group name="And I signin with my Google papercut.assignment@gmail.com and PaperCut123#" result="SUCCESS">
      <screenshots>
        <screenshot image="4a167be102fddc416d96c2ad35f80e72.png"/>
        <screenshot image="17e2e50f4c786a1cc9b636bb41f1c902.png"/>
      </screenshots>
      <test-step result="SUCCESS" duration="39028">
        <screenshots>
          <screenshot image="83ca8e685a6a2dd289c9a05018e509ef.png"/>
          <screenshot image="d4ba8cb3fba70d54c42caf1c8642b2e0.png"/>
        </screenshots>
        <description>Login app: &lt;span class=&apos;step-parameter&apos;&gt;papercut.assignment@gmail.com, PaperCut123#&lt;/span&gt;</description>
      </test-step>
    </test-group>
    <test-group name="And I skip the guided tour of the application" result="SUCCESS">
      <screenshots>
        <screenshot image="97cb037d1108282676ea9e914c2e2469.png"/>
        <screenshot image="6b6b4c32cba8150aab09758813b72e40.png"/>
      </screenshots>
      <test-step result="SUCCESS" duration="7511">
        <screenshots>
          <screenshot image="269a35b6f8359440d2e03c5ce7eee374.png"/>
          <screenshot image="2740f0b8dcad646cf7ccb9505c52a0d2.png"/>
        </screenshots>
        <description>Skip tour</description>
      </test-step>
    </test-group>
    <test-group name="Then verify the total number of pages printed this month" result="SUCCESS">
      <screenshots>
        <screenshot image="7426963946dfcc7ff13b00b7a7cebd43.png"/>
        <screenshot image="a331399998eab56a86249666f544f8d2.png"/>
      </screenshots>
      <test-step result="SUCCESS" duration="3837">
        <screenshots>
          <screenshot image="4672cda41deca0146888506a08221057.png"/>
          <screenshot image="3f699bd8f0fc66fb3a99988144aeb4a4.png"/>
        </screenshots>
        <description>Verify page count</description>
      </test-step>
    </test-group>
  </test-group>
</acceptance-test-run>