{"name":"Verify the total number of prints for the current month","testSteps":[{"number":1,"description":"[1] {Email\u003dpapercut.assignment@gmail.com, Password\u003dPaperCut123#}","duration":96330,"startTime":1487294121905,"screenshots":[{"screenshot":"5db0919e4b6c8b4a162b109b0ff69810.png"}],"result":"SUCCESS","children":[{"number":2,"description":"Given the PaperCut portal is launched","duration":13719,"startTime":1487294127467,"screenshots":[{"screenshot":"7532ac583c064ae2aa13d1a165f3ecaa.png"},{"screenshot":"61164c3bf0b405de0ae98a06b04b9b60.png"}],"result":"SUCCESS","children":[{"number":3,"description":"Launch app","duration":10798,"startTime":1487294128356,"screenshots":[{"screenshot":"7532ac583c064ae2aa13d1a165f3ecaa.png"},{"screenshot":"8768341620f529832ee1643cb61c7b3f.png"}],"result":"SUCCESS"}]},{"number":4,"description":"When clicks on \"Get Started Now\"","duration":7740,"startTime":1487294141189,"screenshots":[{"screenshot":"a41f73c946eea92331f0ff83c8b035bc.png"},{"screenshot":"b689cd5d9e7576c06da91a0ee70c6541.png"}],"result":"SUCCESS","children":[{"number":5,"description":"Click button: \u003cspan class\u003d\u0027step-parameter\u0027\u003eGet Started Now\u003c/span\u003e","duration":5856,"startTime":1487294142086,"screenshots":[{"screenshot":"2189ef956a8b4e6c6f6221f140d1ed20.png"},{"screenshot":"a033170036e73304ec5336d4ce6f6c7e.png"}],"result":"SUCCESS"}]},{"number":6,"description":"And clicks on \"Continue with Google\"","duration":8688,"startTime":1487294148933,"screenshots":[{"screenshot":"f5e0530d1242bc7275469cd0b6a240aa.png"},{"screenshot":"83ca8e685a6a2dd289c9a05018e509ef.png"}],"result":"SUCCESS","children":[{"number":7,"description":"Click button: \u003cspan class\u003d\u0027step-parameter\u0027\u003eContinue with Google\u003c/span\u003e","duration":7377,"startTime":1487294149689,"screenshots":[{"screenshot":"eacf51117a256cad7b6110032b1de778.png"},{"screenshot":"4a167be102fddc416d96c2ad35f80e72.png"}],"result":"SUCCESS"}]},{"number":8,"description":"And I signin with my Google papercut.assignment@gmail.com and PaperCut123#","duration":41325,"startTime":1487294157626,"screenshots":[{"screenshot":"4a167be102fddc416d96c2ad35f80e72.png"},{"screenshot":"17e2e50f4c786a1cc9b636bb41f1c902.png"}],"result":"SUCCESS","children":[{"number":9,"description":"Login app: \u003cspan class\u003d\u0027step-parameter\u0027\u003epapercut.assignment@gmail.com, PaperCut123#\u003c/span\u003e","duration":39028,"startTime":1487294158269,"screenshots":[{"screenshot":"83ca8e685a6a2dd289c9a05018e509ef.png"},{"screenshot":"d4ba8cb3fba70d54c42caf1c8642b2e0.png"}],"result":"SUCCESS"}]},{"number":10,"description":"And I skip the guided tour of the application","duration":11131,"startTime":1487294198960,"screenshots":[{"screenshot":"97cb037d1108282676ea9e914c2e2469.png"},{"screenshot":"6b6b4c32cba8150aab09758813b72e40.png"}],"result":"SUCCESS","children":[{"number":11,"description":"Skip tour","duration":7511,"startTime":1487294200885,"screenshots":[{"screenshot":"269a35b6f8359440d2e03c5ce7eee374.png"},{"screenshot":"2740f0b8dcad646cf7ccb9505c52a0d2.png"}],"result":"SUCCESS"}]},{"number":12,"description":"Then verify the total number of pages printed this month","duration":6919,"startTime":1487294210098,"screenshots":[{"screenshot":"7426963946dfcc7ff13b00b7a7cebd43.png"},{"screenshot":"a331399998eab56a86249666f544f8d2.png"}],"result":"SUCCESS","children":[{"number":13,"description":"Verify page count","duration":3837,"startTime":1487294211557,"screenshots":[{"screenshot":"4672cda41deca0146888506a08221057.png"},{"screenshot":"3f699bd8f0fc66fb3a99988144aeb4a4.png"}],"result":"SUCCESS"}]}]}],"userStory":{"id":"verify-dashboard-components","storyName":"Verify dashboard components","path":"Assignment.feature","narrative":"In order to verify the components of the Dashboard webpage\r\nAs a user or staff member\r\nI should be able to view the available components to be verified","type":"feature"},"title":"Verify the total number of prints for the current month","description":"","tags":[{"name":"Reg","type":"tag"},{"name":"Verify dashboard components","type":"feature"}],"startTime":1487294121902,"duration":97421,"sessionId":"b4d851595e16941b08047e9251b1b212","driver":"chrome","dataTable":{"headers":["Email","Password"],"rows":[{"values":["papercut.assignment@gmail.com","PaperCut123#"],"result":"SUCCESS"}],"predefinedRows":true,"currentRow":{"value":0},"dataSetDescriptors":[{"startRow":0,"rowCount":0,"name":"","description":""}]},"manual":false,"result":"SUCCESS"}