{"name":"Verify the printer name under error status","testSteps":[{"number":1,"description":"[1] {Email\u003dpapercut.assignment@gmail.com, Password\u003dPaperCut123#}","duration":99026,"startTime":1487293795085,"screenshots":[{"screenshot":"c31009655fda30a7d64c693698ab453e.png"}],"result":"SUCCESS","children":[{"number":2,"description":"Given the PaperCut portal is launched","duration":12977,"startTime":1487293800523,"screenshots":[{"screenshot":"7532ac583c064ae2aa13d1a165f3ecaa.png"},{"screenshot":"8ee7a2665608453f51149bb13b3daf88.png"}],"result":"SUCCESS","children":[{"number":3,"description":"Launch app","duration":10538,"startTime":1487293801688,"screenshots":[{"screenshot":"7532ac583c064ae2aa13d1a165f3ecaa.png"},{"screenshot":"845894efd84454002f88c575d86ccdb2.png"}],"result":"SUCCESS"}]},{"number":4,"description":"When clicks on \"Get Started Now\"","duration":8818,"startTime":1487293813504,"screenshots":[{"screenshot":"a6d935403801c8076eaeb1322ea5a42f.png"},{"screenshot":"074b2cc2547a06dfdea26e5db42f53f0.png"}],"result":"SUCCESS","children":[{"number":5,"description":"Click button: \u003cspan class\u003d\u0027step-parameter\u0027\u003eGet Started Now\u003c/span\u003e","duration":4418,"startTime":1487293815990,"screenshots":[{"screenshot":"9ef7d3060036fbd84a05d3a0a02bb016.png"},{"screenshot":"ec3bfc5eed2de6cabf0feecf86aae735.png"}],"result":"SUCCESS"}]},{"number":6,"description":"And clicks on \"Continue with Google\"","duration":9821,"startTime":1487293822327,"screenshots":[{"screenshot":"78941eb413e2503654217d9c9e8aec52.png"},{"screenshot":"5deaba0a078bb0e623b68ec21c9b8e50.png"}],"result":"SUCCESS","children":[{"number":7,"description":"Click button: \u003cspan class\u003d\u0027step-parameter\u0027\u003eContinue with Google\u003c/span\u003e","duration":8397,"startTime":1487293823151,"screenshots":[{"screenshot":"e59ec618327cc7400d91b137ea54a597.png"},{"screenshot":"278c86abc2faf481dd62ade8501bae08.png"}],"result":"SUCCESS"}]},{"number":8,"description":"And I signin with my Google papercut.assignment@gmail.com and PaperCut123#","duration":43332,"startTime":1487293832153,"screenshots":[{"screenshot":"278c86abc2faf481dd62ade8501bae08.png"},{"screenshot":"9efa57ca0d5bce179be31824bc28e393.png"}],"result":"SUCCESS","children":[{"number":9,"description":"Login app: \u003cspan class\u003d\u0027step-parameter\u0027\u003epapercut.assignment@gmail.com, PaperCut123#\u003c/span\u003e","duration":40978,"startTime":1487293832799,"screenshots":[{"screenshot":"278c86abc2faf481dd62ade8501bae08.png"},{"screenshot":"a51e7db82ef0fef77785191ab272fb81.png"}],"result":"SUCCESS"}]},{"number":10,"description":"And I skip the guided tour of the application","duration":10297,"startTime":1487293875494,"screenshots":[{"screenshot":"887afc25839f5faf3ca5d538715e93cc.png"},{"screenshot":"2f74a4c97c42a49a1cfb74d1f9aa61cd.png"}],"result":"SUCCESS","children":[{"number":11,"description":"Skip tour","duration":7038,"startTime":1487293877146,"screenshots":[{"screenshot":"bb0ae50bda9ad6475065530f98fe39b8.png"},{"screenshot":"fa9bf231cc7095607051f0c7e47dbf00.png"}],"result":"SUCCESS"}]},{"number":12,"description":"Then verify \"Label Printer (desktop)\" printer is \"In Error\" status","duration":6950,"startTime":1487293885797,"screenshots":[{"screenshot":"424a537f6ac47ec9a6167c92710effaf.png"},{"screenshot":"91e22090c443c8d7c7886ae2cb226546.png"}],"result":"SUCCESS","children":[{"number":13,"description":"Verify printer state: \u003cspan class\u003d\u0027step-parameter\u0027\u003eLabel Printer (desktop), In Error\u003c/span\u003e","duration":3948,"startTime":1487293887262,"screenshots":[{"screenshot":"b9e3c47ec2fc0af43c4ae5d399de3936.png"},{"screenshot":"bcf98948755714b0273bf094294a03bb.png"}],"result":"SUCCESS"}]}]}],"userStory":{"id":"verify-dashboard-components","storyName":"Verify dashboard components","path":"Assignment.feature","narrative":"In order to verify the components of the Dashboard webpage\r\nAs a user or staff member\r\nI should be able to view the available components to be verified","type":"feature"},"title":"Verify the printer name under error status","description":"","tags":[{"name":"Reg","type":"tag"},{"name":"Verify dashboard components","type":"feature"}],"startTime":1487293795083,"duration":100179,"sessionId":"5388ae0a8abb817069fb40325f42af81","driver":"chrome","dataTable":{"headers":["Email","Password"],"rows":[{"values":["papercut.assignment@gmail.com","PaperCut123#"],"result":"SUCCESS"}],"predefinedRows":true,"currentRow":{"value":0},"dataSetDescriptors":[{"startRow":0,"rowCount":0,"name":"","description":""}]},"manual":false,"result":"SUCCESS"}