<acceptance-test-run title="Verify the printer name under error status" name="Verify the printer name under error status" description="" steps="6" successful="6" failures="0" skipped="0" ignored="0" pending="0" result="SUCCESS" duration="100179" timestamp="2017-02-17T12:09:55.083+11:00" session-id="5388ae0a8abb817069fb40325f42af81">
  <user-story id="verify-dashboard-components" name="Verify dashboard components" path="Assignment.feature"/>
  <tags>
    <tag name="Verify dashboard components" type="feature"/>
    <tag name="Reg" type="tag"/>
  </tags>
  <examples>
    <datasets>
      <dataset startRow="0" rowCount="0" name="" description=""/>
    </datasets>
    <headers>
      <header>Email</header>
      <header>Password</header>
    </headers>
    <rows>
      <row result="SUCCESS">
        <value>papercut.assignment@gmail.com</value>
        <value>PaperCut123#</value>
      </row>
    </rows>
  </examples>
  <test-group name="[1] {Email=papercut.assignment@gmail.com, Password=PaperCut123#}" result="SUCCESS">
    <screenshots>
      <screenshot image="c31009655fda30a7d64c693698ab453e.png"/>
    </screenshots>
    <test-group name="Given the PaperCut portal is launched" result="SUCCESS">
      <screenshots>
        <screenshot image="7532ac583c064ae2aa13d1a165f3ecaa.png"/>
        <screenshot image="8ee7a2665608453f51149bb13b3daf88.png"/>
      </screenshots>
      <test-step result="SUCCESS" duration="10538">
        <screenshots>
          <screenshot image="7532ac583c064ae2aa13d1a165f3ecaa.png"/>
          <screenshot image="845894efd84454002f88c575d86ccdb2.png"/>
        </screenshots>
        <description>Launch app</description>
      </test-step>
    </test-group>
    <test-group name="When clicks on &quot;Get Started Now&quot;" result="SUCCESS">
      <screenshots>
        <screenshot image="a6d935403801c8076eaeb1322ea5a42f.png"/>
        <screenshot image="074b2cc2547a06dfdea26e5db42f53f0.png"/>
      </screenshots>
      <test-step result="SUCCESS" duration="4418">
        <screenshots>
          <screenshot image="9ef7d3060036fbd84a05d3a0a02bb016.png"/>
          <screenshot image="ec3bfc5eed2de6cabf0feecf86aae735.png"/>
        </screenshots>
        <description>Click button: &lt;span class=&apos;step-parameter&apos;&gt;Get Started Now&lt;/span&gt;</description>
      </test-step>
    </test-group>
    <test-group name="And clicks on &quot;Continue with Google&quot;" result="SUCCESS">
      <screenshots>
        <screenshot image="78941eb413e2503654217d9c9e8aec52.png"/>
        <screenshot image="5deaba0a078bb0e623b68ec21c9b8e50.png"/>
      </screenshots>
      <test-step result="SUCCESS" duration="8397">
        <screenshots>
          <screenshot image="e59ec618327cc7400d91b137ea54a597.png"/>
          <screenshot image="278c86abc2faf481dd62ade8501bae08.png"/>
        </screenshots>
        <description>Click button: &lt;span class=&apos;step-parameter&apos;&gt;Continue with Google&lt;/span&gt;</description>
      </test-step>
    </test-group>
    <test-group name="And I signin with my Google papercut.assignment@gmail.com and PaperCut123#" result="SUCCESS">
      <screenshots>
        <screenshot image="278c86abc2faf481dd62ade8501bae08.png"/>
        <screenshot image="9efa57ca0d5bce179be31824bc28e393.png"/>
      </screenshots>
      <test-step result="SUCCESS" duration="40978">
        <screenshots>
          <screenshot image="278c86abc2faf481dd62ade8501bae08.png"/>
          <screenshot image="a51e7db82ef0fef77785191ab272fb81.png"/>
        </screenshots>
        <description>Login app: &lt;span class=&apos;step-parameter&apos;&gt;papercut.assignment@gmail.com, PaperCut123#&lt;/span&gt;</description>
      </test-step>
    </test-group>
    <test-group name="And I skip the guided tour of the application" result="SUCCESS">
      <screenshots>
        <screenshot image="887afc25839f5faf3ca5d538715e93cc.png"/>
        <screenshot image="2f74a4c97c42a49a1cfb74d1f9aa61cd.png"/>
      </screenshots>
      <test-step result="SUCCESS" duration="7038">
        <screenshots>
          <screenshot image="bb0ae50bda9ad6475065530f98fe39b8.png"/>
          <screenshot image="fa9bf231cc7095607051f0c7e47dbf00.png"/>
        </screenshots>
        <description>Skip tour</description>
      </test-step>
    </test-group>
    <test-group name="Then verify &quot;Label Printer (desktop)&quot; printer is &quot;In Error&quot; status" result="SUCCESS">
      <screenshots>
        <screenshot image="424a537f6ac47ec9a6167c92710effaf.png"/>
        <screenshot image="91e22090c443c8d7c7886ae2cb226546.png"/>
      </screenshots>
      <test-step result="SUCCESS" duration="3948">
        <screenshots>
          <screenshot image="b9e3c47ec2fc0af43c4ae5d399de3936.png"/>
          <screenshot image="bcf98948755714b0273bf094294a03bb.png"/>
        </screenshots>
        <description>Verify printer state: &lt;span class=&apos;step-parameter&apos;&gt;Label Printer (desktop), In Error&lt;/span&gt;</description>
      </test-step>
    </test-group>
  </test-group>
</acceptance-test-run>