{"name":"Verify the print count for the HP Laserjet printer using Forecast for 60 days","testSteps":[{"number":1,"description":"[1] {Email\u003dpapercut.assignment@gmail.com, Password\u003dPaperCut123#}","duration":110859,"startTime":1487294347725,"screenshots":[{"screenshot":"e4616cd4503a4fae7d4d912334895977.png"}],"result":"SUCCESS","children":[{"number":2,"description":"Given the PaperCut portal is launched","duration":12744,"startTime":1487294352959,"screenshots":[{"screenshot":"e2a2af40c20dd812967bdf1fca383916.png"},{"screenshot":"016367ae58198305452224c8b4ae0978.png"}],"result":"SUCCESS","children":[{"number":3,"description":"Launch app","duration":9385,"startTime":1487294353920,"screenshots":[{"screenshot":"e2a2af40c20dd812967bdf1fca383916.png"},{"screenshot":"5c665896af6a00d9d1c8044f15a1dc21.png"}],"result":"SUCCESS"}]},{"number":4,"description":"When clicks on \"Get Started Now\"","duration":6289,"startTime":1487294365708,"screenshots":[{"screenshot":"af7f04eaf6796ee2411cd8daa30c98e2.png"},{"screenshot":"67912c60779c10949a21b20e56c0fefd.png"}],"result":"SUCCESS","children":[{"number":5,"description":"Click button: \u003cspan class\u003d\u0027step-parameter\u0027\u003eGet Started Now\u003c/span\u003e","duration":4018,"startTime":1487294366429,"screenshots":[{"screenshot":"6c2a0b22c791473b16837bff4c5b80a5.png"},{"screenshot":"82709765b827bf9471829326acce4597.png"}],"result":"SUCCESS"}]},{"number":6,"description":"And clicks on \"Continue with Google\"","duration":9312,"startTime":1487294372001,"screenshots":[{"screenshot":"4e93e1f2e1a75a6b52e854bd1ed94190.png"},{"screenshot":"ffa40273138ec60d4afcf118487becdd.png"}],"result":"SUCCESS","children":[{"number":7,"description":"Click button: \u003cspan class\u003d\u0027step-parameter\u0027\u003eContinue with Google\u003c/span\u003e","duration":8010,"startTime":1487294372680,"screenshots":[{"screenshot":"50bc84e86dc4637f5660d2862bf21023.png"},{"screenshot":"b3afa139e236664f6ff11ca459581ff2.png"}],"result":"SUCCESS"}]},{"number":8,"description":"And I signin with my Google papercut.assignment@gmail.com and PaperCut123#","duration":43313,"startTime":1487294381318,"screenshots":[{"screenshot":"b3afa139e236664f6ff11ca459581ff2.png"},{"screenshot":"f3ea99845c4cb8c10159958c666aae57.png"}],"result":"SUCCESS","children":[{"number":9,"description":"Login app: \u003cspan class\u003d\u0027step-parameter\u0027\u003epapercut.assignment@gmail.com, PaperCut123#\u003c/span\u003e","duration":41064,"startTime":1487294382009,"screenshots":[{"screenshot":"ffa40273138ec60d4afcf118487becdd.png"},{"screenshot":"b8c2aab42f85a55d0643141e27249a20.png"}],"result":"SUCCESS"}]},{"number":10,"description":"And I skip the guided tour of the application","duration":10336,"startTime":1487294424635,"screenshots":[{"screenshot":"788dbddaf1b0c944df1e0eb21c3debbd.png"},{"screenshot":"e4779766f84dee0dd0e3a09aca45d372.png"}],"result":"SUCCESS","children":[{"number":11,"description":"Skip tour","duration":7154,"startTime":1487294426244,"screenshots":[{"screenshot":"b3618922150c0e9ac2d7d395ecb3579e.png"},{"screenshot":"7839604a5c19caffdba84e4ebd1aff43.png"}],"result":"SUCCESS"}]},{"number":12,"description":"Then verify the forecast for each ink block for \"HP Color LaserJet Pro MFP M277 PCL6\" for 60 days","duration":22044,"startTime":1487294434974,"screenshots":[{"screenshot":"ba1c9fc8b8fa96dcc001fe1ff9ec88db.png"},{"screenshot":"bdad4a1517d093e45ce1ec13eda09d90.png"}],"result":"SUCCESS","children":[{"number":13,"description":"Verify total prints for each ink block: \u003cspan class\u003d\u0027step-parameter\u0027\u003eHP Color LaserJet Pro MFP M277 PCL6, 60\u003c/span\u003e","duration":18918,"startTime":1487294436477,"screenshots":[{"screenshot":"15296faba512f647034a7d4c62859428.png"},{"screenshot":"14ed5f7caabb721c86e78f529a2d585d.png"}],"result":"SUCCESS"}]}]}],"userStory":{"id":"verify-dashboard-components","storyName":"Verify dashboard components","path":"Assignment.feature","narrative":"In order to verify the components of the Dashboard webpage\r\nAs a user or staff member\r\nI should be able to view the available components to be verified","type":"feature"},"title":"Verify the print count for the HP Laserjet printer using Forecast for 60 days","description":"","tags":[{"name":"Reg","type":"tag"},{"name":"Verify dashboard components","type":"feature"}],"startTime":1487294347721,"duration":112266,"sessionId":"21b0aedd89cd51bc60cafefd37dec6cb","driver":"chrome","dataTable":{"headers":["Email","Password"],"rows":[{"values":["papercut.assignment@gmail.com","PaperCut123#"],"result":"SUCCESS"}],"predefinedRows":true,"currentRow":{"value":0},"dataSetDescriptors":[{"startRow":0,"rowCount":0,"name":"","description":""}]},"manual":false,"result":"SUCCESS"}