<acceptance-test-run title="Verify the print count for the HP Laserjet printer using Forecast for 60 days" name="Verify the print count for the HP Laserjet printer using Forecast for 60 days" description="" steps="6" successful="6" failures="0" skipped="0" ignored="0" pending="0" result="SUCCESS" duration="112266" timestamp="2017-02-17T12:19:07.721+11:00" session-id="21b0aedd89cd51bc60cafefd37dec6cb">
  <user-story id="verify-dashboard-components" name="Verify dashboard components" path="Assignment.feature"/>
  <tags>
    <tag name="Verify dashboard components" type="feature"/>
    <tag name="Reg" type="tag"/>
  </tags>
  <examples>
    <datasets>
      <dataset startRow="0" rowCount="0" name="" description=""/>
    </datasets>
    <headers>
      <header>Email</header>
      <header>Password</header>
    </headers>
    <rows>
      <row result="SUCCESS">
        <value>papercut.assignment@gmail.com</value>
        <value>PaperCut123#</value>
      </row>
    </rows>
  </examples>
  <test-group name="[1] {Email=papercut.assignment@gmail.com, Password=PaperCut123#}" result="SUCCESS">
    <screenshots>
      <screenshot image="e4616cd4503a4fae7d4d912334895977.png"/>
    </screenshots>
    <test-group name="Given the PaperCut portal is launched" result="SUCCESS">
      <screenshots>
        <screenshot image="e2a2af40c20dd812967bdf1fca383916.png"/>
        <screenshot image="016367ae58198305452224c8b4ae0978.png"/>
      </screenshots>
      <test-step result="SUCCESS" duration="9385">
        <screenshots>
          <screenshot image="e2a2af40c20dd812967bdf1fca383916.png"/>
          <screenshot image="5c665896af6a00d9d1c8044f15a1dc21.png"/>
        </screenshots>
        <description>Launch app</description>
      </test-step>
    </test-group>
    <test-group name="When clicks on &quot;Get Started Now&quot;" result="SUCCESS">
      <screenshots>
        <screenshot image="af7f04eaf6796ee2411cd8daa30c98e2.png"/>
        <screenshot image="67912c60779c10949a21b20e56c0fefd.png"/>
      </screenshots>
      <test-step result="SUCCESS" duration="4018">
        <screenshots>
          <screenshot image="6c2a0b22c791473b16837bff4c5b80a5.png"/>
          <screenshot image="82709765b827bf9471829326acce4597.png"/>
        </screenshots>
        <description>Click button: &lt;span class=&apos;step-parameter&apos;&gt;Get Started Now&lt;/span&gt;</description>
      </test-step>
    </test-group>
    <test-group name="And clicks on &quot;Continue with Google&quot;" result="SUCCESS">
      <screenshots>
        <screenshot image="4e93e1f2e1a75a6b52e854bd1ed94190.png"/>
        <screenshot image="ffa40273138ec60d4afcf118487becdd.png"/>
      </screenshots>
      <test-step result="SUCCESS" duration="8010">
        <screenshots>
          <screenshot image="50bc84e86dc4637f5660d2862bf21023.png"/>
          <screenshot image="b3afa139e236664f6ff11ca459581ff2.png"/>
        </screenshots>
        <description>Click button: &lt;span class=&apos;step-parameter&apos;&gt;Continue with Google&lt;/span&gt;</description>
      </test-step>
    </test-group>
    <test-group name="And I signin with my Google papercut.assignment@gmail.com and PaperCut123#" result="SUCCESS">
      <screenshots>
        <screenshot image="b3afa139e236664f6ff11ca459581ff2.png"/>
        <screenshot image="f3ea99845c4cb8c10159958c666aae57.png"/>
      </screenshots>
      <test-step result="SUCCESS" duration="41064">
        <screenshots>
          <screenshot image="ffa40273138ec60d4afcf118487becdd.png"/>
          <screenshot image="b8c2aab42f85a55d0643141e27249a20.png"/>
        </screenshots>
        <description>Login app: &lt;span class=&apos;step-parameter&apos;&gt;papercut.assignment@gmail.com, PaperCut123#&lt;/span&gt;</description>
      </test-step>
    </test-group>
    <test-group name="And I skip the guided tour of the application" result="SUCCESS">
      <screenshots>
        <screenshot image="788dbddaf1b0c944df1e0eb21c3debbd.png"/>
        <screenshot image="e4779766f84dee0dd0e3a09aca45d372.png"/>
      </screenshots>
      <test-step result="SUCCESS" duration="7154">
        <screenshots>
          <screenshot image="b3618922150c0e9ac2d7d395ecb3579e.png"/>
          <screenshot image="7839604a5c19caffdba84e4ebd1aff43.png"/>
        </screenshots>
        <description>Skip tour</description>
      </test-step>
    </test-group>
    <test-group name="Then verify the forecast for each ink block for &quot;HP Color LaserJet Pro MFP M277 PCL6&quot; for 60 days" result="SUCCESS">
      <screenshots>
        <screenshot image="ba1c9fc8b8fa96dcc001fe1ff9ec88db.png"/>
        <screenshot image="bdad4a1517d093e45ce1ec13eda09d90.png"/>
      </screenshots>
      <test-step result="SUCCESS" duration="18918">
        <screenshots>
          <screenshot image="15296faba512f647034a7d4c62859428.png"/>
          <screenshot image="14ed5f7caabb721c86e78f529a2d585d.png"/>
        </screenshots>
        <description>Verify total prints for each ink block: &lt;span class=&apos;step-parameter&apos;&gt;HP Color LaserJet Pro MFP M277 PCL6, 60&lt;/span&gt;</description>
      </test-step>
    </test-group>
  </test-group>
</acceptance-test-run>