{"name":"Verify the printer name under Warning status","testSteps":[{"number":1,"description":"[1] {Email\u003dpapercut.assignment@gmail.com, Password\u003dPaperCut123#}","duration":98582,"startTime":1487293905225,"screenshots":[{"screenshot":"07f1752e6cb2b9bfe85b18c442de492d.png"}],"result":"SUCCESS","children":[{"number":2,"description":"Given the PaperCut portal is launched","duration":11628,"startTime":1487293911332,"screenshots":[{"screenshot":"7532ac583c064ae2aa13d1a165f3ecaa.png"},{"screenshot":"1db7f7aefe24fbbc30a9681933af4243.png"}],"result":"SUCCESS","children":[{"number":3,"description":"Launch app","duration":9637,"startTime":1487293912198,"screenshots":[{"screenshot":"7532ac583c064ae2aa13d1a165f3ecaa.png"},{"screenshot":"adb6b2b446c2c62340c098482ab1f556.png"}],"result":"SUCCESS"}]},{"number":4,"description":"When clicks on \"Get Started Now\"","duration":8925,"startTime":1487293922969,"screenshots":[{"screenshot":"e1d5d5268b41fe935b808b5b8c43d1d2.png"},{"screenshot":"d8f36fed4d042817edd8dee260fd26a0.png"}],"result":"SUCCESS","children":[{"number":5,"description":"Click button: \u003cspan class\u003d\u0027step-parameter\u0027\u003eGet Started Now\u003c/span\u003e","duration":4714,"startTime":1487293925085,"screenshots":[{"screenshot":"af3c87568c984b3eb898de8355057548.png"},{"screenshot":"1e3def3c93848f441df84535ddc6c792.png"}],"result":"SUCCESS"}]},{"number":6,"description":"And clicks on \"Continue with Google\"","duration":9651,"startTime":1487293931898,"screenshots":[{"screenshot":"7de8984c91b300549a9bbb092fd2f371.png"},{"screenshot":"83ca8e685a6a2dd289c9a05018e509ef.png"}],"result":"SUCCESS","children":[{"number":7,"description":"Click button: \u003cspan class\u003d\u0027step-parameter\u0027\u003eContinue with Google\u003c/span\u003e","duration":7945,"startTime":1487293932747,"screenshots":[{"screenshot":"bb85f1c53a7672f5da97995257b44117.png"},{"screenshot":"34698df8d4dc0e8c4a35dc1dd08efd7b.png"}],"result":"SUCCESS"}]},{"number":8,"description":"And I signin with my Google papercut.assignment@gmail.com and PaperCut123#","duration":43222,"startTime":1487293941553,"screenshots":[{"screenshot":"83ca8e685a6a2dd289c9a05018e509ef.png"},{"screenshot":"74f8d6f85a7ad9752106217b61b7732e.png"}],"result":"SUCCESS","children":[{"number":9,"description":"Login app: \u003cspan class\u003d\u0027step-parameter\u0027\u003epapercut.assignment@gmail.com, PaperCut123#\u003c/span\u003e","duration":40648,"startTime":1487293942559,"screenshots":[{"screenshot":"4a167be102fddc416d96c2ad35f80e72.png"},{"screenshot":"6a54081ff2c6ec344067160cb2be027c.png"}],"result":"SUCCESS"}]},{"number":10,"description":"And I skip the guided tour of the application","duration":10568,"startTime":1487293984780,"screenshots":[{"screenshot":"f06eb3a9de56ddab557de9d97c408b23.png"},{"screenshot":"93032b35abe0875c8a6ec72b141fb510.png"}],"result":"SUCCESS","children":[{"number":11,"description":"Skip tour","duration":7183,"startTime":1487293986639,"screenshots":[{"screenshot":"16a077d1449a83a98fc71bb446f033de.png"},{"screenshot":"4d841d80aa59d5c4b2a61d5203a720d6.png"}],"result":"SUCCESS"}]},{"number":12,"description":"Then verify \"A3 Printer (server)\" printer is \"Warning\" status","duration":6704,"startTime":1487293995355,"screenshots":[{"screenshot":"5ea32d06bd89b4d3dd4ea22fb3d52a2f.png"},{"screenshot":"7a1518d298329f2ed4d94c5f70624440.png"}],"result":"SUCCESS","children":[{"number":13,"description":"Verify printer state: \u003cspan class\u003d\u0027step-parameter\u0027\u003eA3 Printer (server), Warning\u003c/span\u003e","duration":3738,"startTime":1487293996973,"screenshots":[{"screenshot":"4e58c39bb94240d96671bfe6e9a05603.png"},{"screenshot":"1f0a04f63905b9fc54e84f11f820fe8e.png"}],"result":"SUCCESS"}]}]}],"userStory":{"id":"verify-dashboard-components","storyName":"Verify dashboard components","path":"Assignment.feature","narrative":"In order to verify the components of the Dashboard webpage\r\nAs a user or staff member\r\nI should be able to view the available components to be verified","type":"feature"},"title":"Verify the printer name under Warning status","description":"","tags":[{"name":"Reg","type":"tag"},{"name":"Verify dashboard components","type":"feature"}],"startTime":1487293905222,"duration":99577,"sessionId":"1f1225afd38ca0576d27a780544d3af0","driver":"chrome","dataTable":{"headers":["Email","Password"],"rows":[{"values":["papercut.assignment@gmail.com","PaperCut123#"],"result":"SUCCESS"}],"predefinedRows":true,"currentRow":{"value":0},"dataSetDescriptors":[{"startRow":0,"rowCount":0,"name":"","description":""}]},"manual":false,"result":"SUCCESS"}