<acceptance-test-run title="Verify the printer name under Warning status" name="Verify the printer name under Warning status" description="" steps="6" successful="6" failures="0" skipped="0" ignored="0" pending="0" result="SUCCESS" duration="99577" timestamp="2017-02-17T12:11:45.222+11:00" session-id="1f1225afd38ca0576d27a780544d3af0">
  <user-story id="verify-dashboard-components" name="Verify dashboard components" path="Assignment.feature"/>
  <tags>
    <tag name="Verify dashboard components" type="feature"/>
    <tag name="Reg" type="tag"/>
  </tags>
  <examples>
    <datasets>
      <dataset startRow="0" rowCount="0" name="" description=""/>
    </datasets>
    <headers>
      <header>Email</header>
      <header>Password</header>
    </headers>
    <rows>
      <row result="SUCCESS">
        <value>papercut.assignment@gmail.com</value>
        <value>PaperCut123#</value>
      </row>
    </rows>
  </examples>
  <test-group name="[1] {Email=papercut.assignment@gmail.com, Password=PaperCut123#}" result="SUCCESS">
    <screenshots>
      <screenshot image="07f1752e6cb2b9bfe85b18c442de492d.png"/>
    </screenshots>
    <test-group name="Given the PaperCut portal is launched" result="SUCCESS">
      <screenshots>
        <screenshot image="7532ac583c064ae2aa13d1a165f3ecaa.png"/>
        <screenshot image="1db7f7aefe24fbbc30a9681933af4243.png"/>
      </screenshots>
      <test-step result="SUCCESS" duration="9637">
        <screenshots>
          <screenshot image="7532ac583c064ae2aa13d1a165f3ecaa.png"/>
          <screenshot image="adb6b2b446c2c62340c098482ab1f556.png"/>
        </screenshots>
        <description>Launch app</description>
      </test-step>
    </test-group>
    <test-group name="When clicks on &quot;Get Started Now&quot;" result="SUCCESS">
      <screenshots>
        <screenshot image="e1d5d5268b41fe935b808b5b8c43d1d2.png"/>
        <screenshot image="d8f36fed4d042817edd8dee260fd26a0.png"/>
      </screenshots>
      <test-step result="SUCCESS" duration="4714">
        <screenshots>
          <screenshot image="af3c87568c984b3eb898de8355057548.png"/>
          <screenshot image="1e3def3c93848f441df84535ddc6c792.png"/>
        </screenshots>
        <description>Click button: &lt;span class=&apos;step-parameter&apos;&gt;Get Started Now&lt;/span&gt;</description>
      </test-step>
    </test-group>
    <test-group name="And clicks on &quot;Continue with Google&quot;" result="SUCCESS">
      <screenshots>
        <screenshot image="7de8984c91b300549a9bbb092fd2f371.png"/>
        <screenshot image="83ca8e685a6a2dd289c9a05018e509ef.png"/>
      </screenshots>
      <test-step result="SUCCESS" duration="7945">
        <screenshots>
          <screenshot image="bb85f1c53a7672f5da97995257b44117.png"/>
          <screenshot image="34698df8d4dc0e8c4a35dc1dd08efd7b.png"/>
        </screenshots>
        <description>Click button: &lt;span class=&apos;step-parameter&apos;&gt;Continue with Google&lt;/span&gt;</description>
      </test-step>
    </test-group>
    <test-group name="And I signin with my Google papercut.assignment@gmail.com and PaperCut123#" result="SUCCESS">
      <screenshots>
        <screenshot image="83ca8e685a6a2dd289c9a05018e509ef.png"/>
        <screenshot image="74f8d6f85a7ad9752106217b61b7732e.png"/>
      </screenshots>
      <test-step result="SUCCESS" duration="40648">
        <screenshots>
          <screenshot image="4a167be102fddc416d96c2ad35f80e72.png"/>
          <screenshot image="6a54081ff2c6ec344067160cb2be027c.png"/>
        </screenshots>
        <description>Login app: &lt;span class=&apos;step-parameter&apos;&gt;papercut.assignment@gmail.com, PaperCut123#&lt;/span&gt;</description>
      </test-step>
    </test-group>
    <test-group name="And I skip the guided tour of the application" result="SUCCESS">
      <screenshots>
        <screenshot image="f06eb3a9de56ddab557de9d97c408b23.png"/>
        <screenshot image="93032b35abe0875c8a6ec72b141fb510.png"/>
      </screenshots>
      <test-step result="SUCCESS" duration="7183">
        <screenshots>
          <screenshot image="16a077d1449a83a98fc71bb446f033de.png"/>
          <screenshot image="4d841d80aa59d5c4b2a61d5203a720d6.png"/>
        </screenshots>
        <description>Skip tour</description>
      </test-step>
    </test-group>
    <test-group name="Then verify &quot;A3 Printer (server)&quot; printer is &quot;Warning&quot; status" result="SUCCESS">
      <screenshots>
        <screenshot image="5ea32d06bd89b4d3dd4ea22fb3d52a2f.png"/>
        <screenshot image="7a1518d298329f2ed4d94c5f70624440.png"/>
      </screenshots>
      <test-step result="SUCCESS" duration="3738">
        <screenshots>
          <screenshot image="4e58c39bb94240d96671bfe6e9a05603.png"/>
          <screenshot image="1f0a04f63905b9fc54e84f11f820fe8e.png"/>
        </screenshots>
        <description>Verify printer state: &lt;span class=&apos;step-parameter&apos;&gt;A3 Printer (server), Warning&lt;/span&gt;</description>
      </test-step>
    </test-group>
  </test-group>
</acceptance-test-run>