{"name":"Verify the printer name under recently used status","testSteps":[{"number":1,"description":"[1] {Email\u003dpapercut.assignment@gmail.com, Password\u003dPaperCut123#}","duration":95456,"startTime":1487294015278,"screenshots":[{"screenshot":"707895db2968a00fb9a5a0dca75c146e.png"}],"result":"SUCCESS","children":[{"number":2,"description":"Given the PaperCut portal is launched","duration":13415,"startTime":1487294020791,"screenshots":[{"screenshot":"7532ac583c064ae2aa13d1a165f3ecaa.png"},{"screenshot":"5f764879b1ef3008d282dff5690f9eb3.png"}],"result":"SUCCESS","children":[{"number":3,"description":"Launch app","duration":10205,"startTime":1487294021839,"screenshots":[{"screenshot":"7532ac583c064ae2aa13d1a165f3ecaa.png"},{"screenshot":"9dc5e0f403829fa538975cf2bd58a821.png"}],"result":"SUCCESS"}]},{"number":4,"description":"When clicks on \"Get Started Now\"","duration":8159,"startTime":1487294034210,"screenshots":[{"screenshot":"5dd4b7275578dee4f04f10b7329c7ace.png"},{"screenshot":"0a2aad95405ec0d4769f66e90e311727.png"}],"result":"SUCCESS","children":[{"number":5,"description":"Click button: \u003cspan class\u003d\u0027step-parameter\u0027\u003eGet Started Now\u003c/span\u003e","duration":5114,"startTime":1487294035364,"screenshots":[{"screenshot":"669cfa13e470109075aa007a74e67268.png"},{"screenshot":"88a1c227d6b139aaa4da887fd7a0a1b9.png"}],"result":"SUCCESS"}]},{"number":6,"description":"And clicks on \"Continue with Google\"","duration":8833,"startTime":1487294042375,"screenshots":[{"screenshot":"7de8984c91b300549a9bbb092fd2f371.png"},{"screenshot":"83ca8e685a6a2dd289c9a05018e509ef.png"}],"result":"SUCCESS","children":[{"number":7,"description":"Click button: \u003cspan class\u003d\u0027step-parameter\u0027\u003eContinue with Google\u003c/span\u003e","duration":7592,"startTime":1487294043100,"screenshots":[{"screenshot":"47a764521a73406ef3aa7a1730ceae72.png"},{"screenshot":"4a167be102fddc416d96c2ad35f80e72.png"}],"result":"SUCCESS"}]},{"number":8,"description":"And I signin with my Google papercut.assignment@gmail.com and PaperCut123#","duration":41133,"startTime":1487294051215,"screenshots":[{"screenshot":"4a167be102fddc416d96c2ad35f80e72.png"},{"screenshot":"529a505da12125f9a50d8da05c31d56d.png"}],"result":"SUCCESS","children":[{"number":9,"description":"Login app: \u003cspan class\u003d\u0027step-parameter\u0027\u003epapercut.assignment@gmail.com, PaperCut123#\u003c/span\u003e","duration":38996,"startTime":1487294051770,"screenshots":[{"screenshot":"83ca8e685a6a2dd289c9a05018e509ef.png"},{"screenshot":"ddf4a892a5296db66c12f552cf4dab52.png"}],"result":"SUCCESS"}]},{"number":10,"description":"And I skip the guided tour of the application","duration":10160,"startTime":1487294092353,"screenshots":[{"screenshot":"6cfb71f12d7f6cdc6ccf2ebe2de80f0e.png"},{"screenshot":"f690037f4314888be7f5b0d3e1756ac4.png"}],"result":"SUCCESS","children":[{"number":11,"description":"Skip tour","duration":7118,"startTime":1487294094134,"screenshots":[{"screenshot":"e99c18a84288dd49bf7c9fffad75ac88.png"},{"screenshot":"b91d44deec2b3214473131ed9244aa85.png"}],"result":"SUCCESS"}]},{"number":12,"description":"Then verify \"Reception Printer (server)\" printer is \"Recently Used\" status","duration":6563,"startTime":1487294102518,"screenshots":[{"screenshot":"0bb8070424e72d5e80564ca53adab19a.png"},{"screenshot":"1e7e3672f53b740bb45299ff1ce5c043.png"}],"result":"SUCCESS","children":[{"number":13,"description":"Verify printer state: \u003cspan class\u003d\u0027step-parameter\u0027\u003eReception Printer (server), Recently Used\u003c/span\u003e","duration":3844,"startTime":1487294103943,"screenshots":[{"screenshot":"87ce0e17baceb576d3d883967f9a2861.png"},{"screenshot":"becc8742397d640790913b99fbafafdc.png"}],"result":"SUCCESS"}]}]}],"userStory":{"id":"verify-dashboard-components","storyName":"Verify dashboard components","path":"Assignment.feature","narrative":"In order to verify the components of the Dashboard webpage\r\nAs a user or staff member\r\nI should be able to view the available components to be verified","type":"feature"},"title":"Verify the printer name under recently used status","description":"","tags":[{"name":"Reg","type":"tag"},{"name":"Verify dashboard components","type":"feature"}],"startTime":1487294015272,"duration":96438,"sessionId":"7a69b6f0d241515ed8902b7ca9938400","driver":"chrome","dataTable":{"headers":["Email","Password"],"rows":[{"values":["papercut.assignment@gmail.com","PaperCut123#"],"result":"SUCCESS"}],"predefinedRows":true,"currentRow":{"value":0},"dataSetDescriptors":[{"startRow":0,"rowCount":0,"name":"","description":""}]},"manual":false,"result":"SUCCESS"}