<acceptance-test-run title="Verify the printer name under recently used status" name="Verify the printer name under recently used status" description="" steps="6" successful="6" failures="0" skipped="0" ignored="0" pending="0" result="SUCCESS" duration="96438" timestamp="2017-02-17T12:13:35.272+11:00" session-id="7a69b6f0d241515ed8902b7ca9938400">
  <user-story id="verify-dashboard-components" name="Verify dashboard components" path="Assignment.feature"/>
  <tags>
    <tag name="Verify dashboard components" type="feature"/>
    <tag name="Reg" type="tag"/>
  </tags>
  <examples>
    <datasets>
      <dataset startRow="0" rowCount="0" name="" description=""/>
    </datasets>
    <headers>
      <header>Email</header>
      <header>Password</header>
    </headers>
    <rows>
      <row result="SUCCESS">
        <value>papercut.assignment@gmail.com</value>
        <value>PaperCut123#</value>
      </row>
    </rows>
  </examples>
  <test-group name="[1] {Email=papercut.assignment@gmail.com, Password=PaperCut123#}" result="SUCCESS">
    <screenshots>
      <screenshot image="707895db2968a00fb9a5a0dca75c146e.png"/>
    </screenshots>
    <test-group name="Given the PaperCut portal is launched" result="SUCCESS">
      <screenshots>
        <screenshot image="7532ac583c064ae2aa13d1a165f3ecaa.png"/>
        <screenshot image="5f764879b1ef3008d282dff5690f9eb3.png"/>
      </screenshots>
      <test-step result="SUCCESS" duration="10205">
        <screenshots>
          <screenshot image="7532ac583c064ae2aa13d1a165f3ecaa.png"/>
          <screenshot image="9dc5e0f403829fa538975cf2bd58a821.png"/>
        </screenshots>
        <description>Launch app</description>
      </test-step>
    </test-group>
    <test-group name="When clicks on &quot;Get Started Now&quot;" result="SUCCESS">
      <screenshots>
        <screenshot image="5dd4b7275578dee4f04f10b7329c7ace.png"/>
        <screenshot image="0a2aad95405ec0d4769f66e90e311727.png"/>
      </screenshots>
      <test-step result="SUCCESS" duration="5114">
        <screenshots>
          <screenshot image="669cfa13e470109075aa007a74e67268.png"/>
          <screenshot image="88a1c227d6b139aaa4da887fd7a0a1b9.png"/>
        </screenshots>
        <description>Click button: &lt;span class=&apos;step-parameter&apos;&gt;Get Started Now&lt;/span&gt;</description>
      </test-step>
    </test-group>
    <test-group name="And clicks on &quot;Continue with Google&quot;" result="SUCCESS">
      <screenshots>
        <screenshot image="7de8984c91b300549a9bbb092fd2f371.png"/>
        <screenshot image="83ca8e685a6a2dd289c9a05018e509ef.png"/>
      </screenshots>
      <test-step result="SUCCESS" duration="7592">
        <screenshots>
          <screenshot image="47a764521a73406ef3aa7a1730ceae72.png"/>
          <screenshot image="4a167be102fddc416d96c2ad35f80e72.png"/>
        </screenshots>
        <description>Click button: &lt;span class=&apos;step-parameter&apos;&gt;Continue with Google&lt;/span&gt;</description>
      </test-step>
    </test-group>
    <test-group name="And I signin with my Google papercut.assignment@gmail.com and PaperCut123#" result="SUCCESS">
      <screenshots>
        <screenshot image="4a167be102fddc416d96c2ad35f80e72.png"/>
        <screenshot image="529a505da12125f9a50d8da05c31d56d.png"/>
      </screenshots>
      <test-step result="SUCCESS" duration="38996">
        <screenshots>
          <screenshot image="83ca8e685a6a2dd289c9a05018e509ef.png"/>
          <screenshot image="ddf4a892a5296db66c12f552cf4dab52.png"/>
        </screenshots>
        <description>Login app: &lt;span class=&apos;step-parameter&apos;&gt;papercut.assignment@gmail.com, PaperCut123#&lt;/span&gt;</description>
      </test-step>
    </test-group>
    <test-group name="And I skip the guided tour of the application" result="SUCCESS">
      <screenshots>
        <screenshot image="6cfb71f12d7f6cdc6ccf2ebe2de80f0e.png"/>
        <screenshot image="f690037f4314888be7f5b0d3e1756ac4.png"/>
      </screenshots>
      <test-step result="SUCCESS" duration="7118">
        <screenshots>
          <screenshot image="e99c18a84288dd49bf7c9fffad75ac88.png"/>
          <screenshot image="b91d44deec2b3214473131ed9244aa85.png"/>
        </screenshots>
        <description>Skip tour</description>
      </test-step>
    </test-group>
    <test-group name="Then verify &quot;Reception Printer (server)&quot; printer is &quot;Recently Used&quot; status" result="SUCCESS">
      <screenshots>
        <screenshot image="0bb8070424e72d5e80564ca53adab19a.png"/>
        <screenshot image="1e7e3672f53b740bb45299ff1ce5c043.png"/>
      </screenshots>
      <test-step result="SUCCESS" duration="3844">
        <screenshots>
          <screenshot image="87ce0e17baceb576d3d883967f9a2861.png"/>
          <screenshot image="becc8742397d640790913b99fbafafdc.png"/>
        </screenshots>
        <description>Verify printer state: &lt;span class=&apos;step-parameter&apos;&gt;Reception Printer (server), Recently Used&lt;/span&gt;</description>
      </test-step>
    </test-group>
  </test-group>
</acceptance-test-run>