<acceptance-test-run title="Verify the Email Address on the top right corner of the webpage" name="Verify the Email Address on the top right corner of the webpage" description="" steps="6" successful="6" failures="0" skipped="0" ignored="0" pending="0" result="SUCCESS" duration="105811" timestamp="2017-02-17T12:07:42.070+11:00" session-id="b9259abc1eb91726936c51436638e7b4">
  <user-story id="verify-dashboard-components" name="Verify dashboard components" path="Assignment.feature"/>
  <tags>
    <tag name="Verify dashboard components" type="feature"/>
    <tag name="Reg" type="tag"/>
  </tags>
  <examples>
    <datasets>
      <dataset startRow="0" rowCount="0" name="" description=""/>
    </datasets>
    <headers>
      <header>Email</header>
      <header>Password</header>
    </headers>
    <rows>
      <row result="SUCCESS">
        <value>papercut.assignment@gmail.com</value>
        <value>PaperCut123#</value>
      </row>
    </rows>
  </examples>
  <test-group name="[1] {Email=papercut.assignment@gmail.com, Password=PaperCut123#}" result="SUCCESS">
    <screenshots>
      <screenshot image="e3138dd5fb1e5e18976fd7757dab098c.png"/>
    </screenshots>
    <test-group name="Given the PaperCut portal is launched" result="SUCCESS">
      <screenshots>
        <screenshot image="7532ac583c064ae2aa13d1a165f3ecaa.png"/>
        <screenshot image="c802e2912eb025fe7d0ca93ac7f27b7c.png"/>
      </screenshots>
      <test-step result="SUCCESS" duration="9869">
        <screenshots>
          <screenshot image="7532ac583c064ae2aa13d1a165f3ecaa.png"/>
          <screenshot image="0b6e4e560fcd6529d608c588c6f8202e.png"/>
        </screenshots>
        <description>Launch app</description>
      </test-step>
    </test-group>
    <test-group name="When clicks on &quot;Get Started Now&quot;" result="SUCCESS">
      <screenshots>
        <screenshot image="926b3c8f48002d925f6f089e5f3d2c61.png"/>
        <screenshot image="b689cd5d9e7576c06da91a0ee70c6541.png"/>
      </screenshots>
      <test-step result="SUCCESS" duration="5717">
        <screenshots>
          <screenshot image="5d099d3844b9cf8300c787d819d8becd.png"/>
          <screenshot image="9d123362bae83d670c98ffc72417a780.png"/>
        </screenshots>
        <description>Click button: &lt;span class=&apos;step-parameter&apos;&gt;Get Started Now&lt;/span&gt;</description>
      </test-step>
    </test-group>
    <test-group name="And clicks on &quot;Continue with Google&quot;" result="SUCCESS">
      <screenshots>
        <screenshot image="f5e0530d1242bc7275469cd0b6a240aa.png"/>
        <screenshot image="278c86abc2faf481dd62ade8501bae08.png"/>
      </screenshots>
      <test-step result="SUCCESS" duration="8306">
        <screenshots>
          <screenshot image="0c7578438783d658f83f1525bc9a78a6.png"/>
          <screenshot image="278c86abc2faf481dd62ade8501bae08.png"/>
        </screenshots>
        <description>Click button: &lt;span class=&apos;step-parameter&apos;&gt;Continue with Google&lt;/span&gt;</description>
      </test-step>
    </test-group>
    <test-group name="And I signin with my Google papercut.assignment@gmail.com and PaperCut123#" result="SUCCESS">
      <screenshots>
        <screenshot image="5deaba0a078bb0e623b68ec21c9b8e50.png"/>
        <screenshot image="bc2d65edfd152adca17da15d07186c8e.png"/>
      </screenshots>
      <test-step result="SUCCESS" duration="39558">
        <screenshots>
          <screenshot image="278c86abc2faf481dd62ade8501bae08.png"/>
          <screenshot image="fdcbc89703d07e4ac55b8fd672d24282.png"/>
        </screenshots>
        <description>Login app: &lt;span class=&apos;step-parameter&apos;&gt;papercut.assignment@gmail.com, PaperCut123#&lt;/span&gt;</description>
      </test-step>
    </test-group>
    <test-group name="And I skip the guided tour of the application" result="SUCCESS">
      <screenshots>
        <screenshot image="ab3e464a544d2f28af64bd68ca899474.png"/>
        <screenshot image="6b3f6db56abc8a8df95f8687dc048eda.png"/>
      </screenshots>
      <test-step result="SUCCESS" duration="8569">
        <screenshots>
          <screenshot image="374f887cf81769ee7009ae7681706942.png"/>
          <screenshot image="2c4975127fc05ca7e22ceff05d3ed464.png"/>
        </screenshots>
        <description>Skip tour</description>
      </test-step>
    </test-group>
    <test-group name="Then verify profile page displayed &quot;Email&quot; with the papercut.assignment@gmail.com" result="SUCCESS">
      <screenshots>
        <screenshot image="a3e0c7bc0bececdc4ee27f0fd37ae94b.png"/>
        <screenshot image="da06af7afec02c19349ff410bf466dc5.png"/>
      </screenshots>
      <test-step result="SUCCESS" duration="3693">
        <screenshots>
          <screenshot image="99f79c940ca48d4758c7bf1c327c50fd.png"/>
          <screenshot image="d8b8020a35f9b8b2a1920d4f36671b15.png"/>
        </screenshots>
        <description>Verify obj on page: &lt;span class=&apos;step-parameter&apos;&gt;Email, papercut.assignment@gmail.com&lt;/span&gt;</description>
      </test-step>
    </test-group>
  </test-group>
</acceptance-test-run>