{"name":"Verify the Email Address on the top right corner of the webpage","testSteps":[{"number":1,"description":"[1] {Email\u003dpapercut.assignment@gmail.com, Password\u003dPaperCut123#}","duration":103968,"startTime":1487293662961,"screenshots":[{"screenshot":"e3138dd5fb1e5e18976fd7757dab098c.png"}],"result":"SUCCESS","children":[{"number":2,"description":"Given the PaperCut portal is launched","duration":15121,"startTime":1487293671801,"screenshots":[{"screenshot":"7532ac583c064ae2aa13d1a165f3ecaa.png"},{"screenshot":"c802e2912eb025fe7d0ca93ac7f27b7c.png"}],"result":"SUCCESS","children":[{"number":3,"description":"Launch app","duration":9869,"startTime":1487293674840,"screenshots":[{"screenshot":"7532ac583c064ae2aa13d1a165f3ecaa.png"},{"screenshot":"0b6e4e560fcd6529d608c588c6f8202e.png"}],"result":"SUCCESS"}]},{"number":4,"description":"When clicks on \"Get Started Now\"","duration":7700,"startTime":1487293686935,"screenshots":[{"screenshot":"926b3c8f48002d925f6f089e5f3d2c61.png"},{"screenshot":"b689cd5d9e7576c06da91a0ee70c6541.png"}],"result":"SUCCESS","children":[{"number":5,"description":"Click button: \u003cspan class\u003d\u0027step-parameter\u0027\u003eGet Started Now\u003c/span\u003e","duration":5717,"startTime":1487293687934,"screenshots":[{"screenshot":"5d099d3844b9cf8300c787d819d8becd.png"},{"screenshot":"9d123362bae83d670c98ffc72417a780.png"}],"result":"SUCCESS"}]},{"number":6,"description":"And clicks on \"Continue with Google\"","duration":10160,"startTime":1487293694638,"screenshots":[{"screenshot":"f5e0530d1242bc7275469cd0b6a240aa.png"},{"screenshot":"278c86abc2faf481dd62ade8501bae08.png"}],"result":"SUCCESS","children":[{"number":7,"description":"Click button: \u003cspan class\u003d\u0027step-parameter\u0027\u003eContinue with Google\u003c/span\u003e","duration":8306,"startTime":1487293695751,"screenshots":[{"screenshot":"0c7578438783d658f83f1525bc9a78a6.png"},{"screenshot":"278c86abc2faf481dd62ade8501bae08.png"}],"result":"SUCCESS"}]},{"number":8,"description":"And I signin with my Google papercut.assignment@gmail.com and PaperCut123#","duration":41756,"startTime":1487293704801,"screenshots":[{"screenshot":"5deaba0a078bb0e623b68ec21c9b8e50.png"},{"screenshot":"bc2d65edfd152adca17da15d07186c8e.png"}],"result":"SUCCESS","children":[{"number":9,"description":"Login app: \u003cspan class\u003d\u0027step-parameter\u0027\u003epapercut.assignment@gmail.com, PaperCut123#\u003c/span\u003e","duration":39558,"startTime":1487293705391,"screenshots":[{"screenshot":"278c86abc2faf481dd62ade8501bae08.png"},{"screenshot":"fdcbc89703d07e4ac55b8fd672d24282.png"}],"result":"SUCCESS"}]},{"number":10,"description":"And I skip the guided tour of the application","duration":11636,"startTime":1487293746563,"screenshots":[{"screenshot":"ab3e464a544d2f28af64bd68ca899474.png"},{"screenshot":"6b3f6db56abc8a8df95f8687dc048eda.png"}],"result":"SUCCESS","children":[{"number":11,"description":"Skip tour","duration":8569,"startTime":1487293748170,"screenshots":[{"screenshot":"374f887cf81769ee7009ae7681706942.png"},{"screenshot":"2c4975127fc05ca7e22ceff05d3ed464.png"}],"result":"SUCCESS"}]},{"number":12,"description":"Then verify profile page displayed \"Email\" with the papercut.assignment@gmail.com","duration":7149,"startTime":1487293758205,"screenshots":[{"screenshot":"a3e0c7bc0bececdc4ee27f0fd37ae94b.png"},{"screenshot":"da06af7afec02c19349ff410bf466dc5.png"}],"result":"SUCCESS","children":[{"number":13,"description":"Verify obj on page: \u003cspan class\u003d\u0027step-parameter\u0027\u003eEmail, papercut.assignment@gmail.com\u003c/span\u003e","duration":3693,"startTime":1487293760139,"screenshots":[{"screenshot":"99f79c940ca48d4758c7bf1c327c50fd.png"},{"screenshot":"d8b8020a35f9b8b2a1920d4f36671b15.png"}],"result":"SUCCESS"}]}]}],"userStory":{"id":"verify-dashboard-components","storyName":"Verify dashboard components","path":"Assignment.feature","narrative":"In order to verify the components of the Dashboard webpage\r\nAs a user or staff member\r\nI should be able to view the available components to be verified","type":"feature"},"title":"Verify the Email Address on the top right corner of the webpage","description":"","tags":[{"name":"Reg","type":"tag"},{"name":"Verify dashboard components","type":"feature"}],"startTime":1487293662070,"duration":105811,"sessionId":"b9259abc1eb91726936c51436638e7b4","driver":"chrome","dataTable":{"headers":["Email","Password"],"rows":[{"values":["papercut.assignment@gmail.com","PaperCut123#"],"result":"SUCCESS"}],"predefinedRows":true,"currentRow":{"value":0},"dataSetDescriptors":[{"startRow":0,"rowCount":0,"name":"","description":""}]},"manual":false,"result":"SUCCESS"}